ind_id	tissue	score	n_genes_with_expr	contrast	tissue_shuffled
C0014175	Lung	3.8647992776020716	632	0.8590234996242847	Artery - Coronary
C0019069	Lung	4.153350380881018	82	1.2018027209492566	Pancreas
C0042974	Nerve - Tibial	3.0233063558577467	44	0.5482476582195295	Liver
C0270327	Nerve - Tibial	2.1173583207523343	4	0.9293166377099258	Cervix - Ectocervix
C0003873	Lung	3.993562963983929	1604	0.9167577049597972	Cervix - Ectocervix
C0013238	Lung	3.881224534207505	31	1.445763723214141	Small Intestine - Terminal Ileum
C0022575	Skin - Not Sun Exposed (Suprapubic)	3.1033216789728453	11	1.1495673103716026	Artery - Coronary
C0001206	Pituitary	3.6491439189308643	57	0.8145441263299467	Minor Salivary Gland
C0024586	Small Intestine - Terminal Ileum	4.616175946199639	12	1.2365076588129735	Brain - Cerebellar Hemisphere
C0002892	Stomach	3.7048003681601926	7	1.3642765931665668	Artery - Tibial
C0162316	Liver	4.533704957669019	36	1.2078819342629439	Esophagus - Mucosa
C1510471	Small Intestine - Terminal Ileum	4.480932568373831	5	1.0335638853531544	Vagina
C0042847	Spleen	4.240653792080875	15	0.9536518268546565	Nerve - Tibial
C0917801	Brain - Cerebellar Hemisphere	2.2269522081711215	23	0.5462581673950293	Pancreas
C0020621	Pituitary	3.4575271880437874	10	1.1027796402985008	Muscle - Skeletal
C0036992	Pituitary	3.661302790940492	8	1.7523636492020185	Pituitary
C0392164	Lung	3.942622985257493	29	1.4341470092033006	Esophagus - Gastroesophageal Junction
C0017612	Lung	4.4937520826117	90	1.0365698336757045	Bladder
C0041327	Lung	3.9026114333636484	190	1.175528819900475	Skin - Sun Exposed (Lower leg)
C0406317	Lung	4.337473056489317	15	1.418626933057035	Cervix - Endocervix
C0020598	Pituitary	3.352131766291812	6	2.233731670879803	Esophagus - Gastroesophageal Junction
C0085682	Liver	1.605206902081142	4	1.2924647905779056	Breast - Mammary Tissue
C0035086	Lung	4.1342995790638035	4	2.3501235804975735	Brain - Caudate (basal ganglia)
C0020626	Testis	2.8323374291971137	26	0.7040823121739908	Thyroid
C0242383	Lung	3.657489677375844	468	0.6819147776338239	Pituitary
C1275684	Brain - Spinal cord (cervical c-1)	8.314557840551942	2	4.8913658156875375	Kidney - Medulla
C1260880	Lung	5.376406555575109	4	2.5958455789662302	Cells - Cultured fibroblasts
C0010200	Nerve - Tibial	3.23668494476211	44	0.7479993916861032	Skin - Not Sun Exposed (Suprapubic)
C0027424	Testis	5.465125804108117	2	3.792083913054081	Esophagus - Muscularis
C2607914	Lung	3.5111146436886105	133	1.157391882095678	Cervix - Ectocervix
C0035455	Lung	3.8953438060531695	95	1.5044446359119297	Cervix - Endocervix
C0009443	Lung	3.343529774307101	31	1.0193773363344345	Brain - Cortex
C0035579	Kidney - Cortex	2.775826753988373	19	0.8463542630875731	Artery - Coronary
C0006277	Lung	3.968330854307033	28	1.1094134366376207	Esophagus - Muscularis
C0002726	Lung	3.872578994698986	114	0.9234930613491423	Spleen
C0006267	Spleen	5.097439612377668	40	1.6452700447977224	Artery - Aorta
C0349464	Adipose - Subcutaneous	7.43267880513375	6	1.6167076174238382	Small Intestine - Terminal Ileum
C0039841	Lung	4.789642558964797	6	1.319868946926536	Skin - Not Sun Exposed (Suprapubic)
C0042870	Lung	2.0902592886330784	34	0.655523536102461	Brain - Hippocampus
C0029442	Cervix - Endocervix	2.8405295701768063	26	0.8264508581411611	Kidney - Medulla
C0221468	Kidney - Cortex	2.6352772117943295	2	2.0946641847890386	Brain - Anterior cingulate cortex (BA24)
C0029456	Lung	3.727021049073828	408	0.61096768261761	Ovary
C0029458	Lung	4.0670017538151715	85	1.0322752581819126	Minor Salivary Gland
C3536984	Pituitary	3.2670223938538867	27	0.8322101977738297	Brain - Substantia nigra
C0016412	Cervix - Endocervix	3.60377244504166	32	0.7596290065215965	Artery - Aorta
C0020557	Liver	4.322849941028777	72	1.675662934420337	Vagina
C0042842	Vagina	3.088090613237971	23	0.7199053413747785	Cervix - Endocervix
C0042875	Pancreas	4.046962649457882	3	3.657319334998043	Stomach
C1849508	Pituitary	5.081881538213166	5	1.4980106118272776	Lung
C0936215	Liver	3.758831696388387	7	1.168735286970235	Pituitary
C0740447	Adipose - Subcutaneous	3.8880790265301437	9	1.0853179467798153	Pancreas
C0038454	Lung	3.4293470438732445	1295	0.6168570628923091	Brain - Cerebellar Hemisphere
C0020479	Liver	4.385423741807709	29	2.2675950655011534	Brain - Substantia nigra
C0020443	Liver	3.7169608050336644	179	1.0380752283974646	Colon - Sigmoid
C0020474	Adipose - Visceral (Omentum)	3.9839495246007353	79	0.8858262486185042	Colon - Transverse
C0003850	Lung	4.19831252446056	874	0.9358436624476263	Adrenal Gland
C0028768	Brain - Frontal Cortex (BA9)	2.3939748218642265	81	0.5874349941284489	Esophagus - Muscularis
C0031572	Brain - Hypothalamus	3.782567105011975	13	0.6342294540279929	Brain - Anterior cingulate cortex (BA24)
C0264716	Lung	3.3981121213787375	71	0.6369309278890074	Ovary
C0020538	Lung	3.463584735983605	1309	0.634103118955526	Lung
C0022602	Skin - Sun Exposed (Lower leg)	4.423169753239348	70	0.7876361801516532	Testis
C0004096	Lung	3.789822919227071	1277	0.9039592126386111	Ovary
C0028754	Lung	3.7286583449595585	1594	0.6263435058276836	Brain - Substantia nigra
C1263846	Nerve - Tibial	2.9796623858842124	422	0.4704260265356557	Vagina
C0027404	Lung	3.477195627605419	233	0.6624570124560156	Cells - EBV-transformed lymphocytes
C0030783	Testis	5.125270872986425	1	1.4341866698830659	Brain - Putamen (basal ganglia)
C0028043	Brain - Frontal Cortex (BA9)	2.751033137712423	104	0.6410684631302512	Stomach
C0238111	Brain - Cortex	6.845277354159604	4	1.9102062418133858	Breast - Mammary Tissue
C0014553	Brain - Cerebellum	3.7032421970015417	49	1.1784751158158744	Artery - Coronary
C0014550	Brain - Cerebellar Hemisphere	4.67664387213743	36	1.0016586025521779	Colon - Sigmoid
C0003467	Brain - Frontal Cortex (BA9)	1.8452933292002476	1	1.7009122687709692	Pituitary
C0038220	Nerve - Tibial	3.4570164657827243	143	0.5609844309029892	Brain - Cerebellar Hemisphere
C0030319	Brain - Frontal Cortex (BA9)	2.987198019104468	98	0.5267165201113753	Cervix - Endocervix
C0004238	Lung	3.5128392930500056	116	0.8119342245415404	Brain - Amygdala
C0039240	Liver	2.7423893734377778	8	1.6786698605750467	Minor Salivary Gland
C0026764	Lung	4.073197442014695	1065	0.826150377244105	Colon - Sigmoid
C0334634	Cells - EBV-transformed lymphocytes	4.042578772170611	290	0.8803026556311333	Brain - Putamen (basal ganglia)
C0030567	Nerve - Tibial	3.771174839873818	632	0.4685536351206516	Brain - Cortex
C0242422	Brain - Cerebellum	3.930392375725906	182	0.5274921471202885	Fallopian Tube
C0020649	Pituitary	2.7256051889275894	65	0.5025591811357493	Lung
C0150055	Testis	2.3023505459708233	39	0.5121653603655949	Thyroid
C0029408	Lung	4.26590461062114	776	0.9064814367914513	Cervix - Ectocervix
C0030193	Lung	2.8559295905170408	167	0.6673243852933379	Brain - Anterior cingulate cortex (BA24)
C0019357	Lung	6.1718516352553525	14	2.534998720700429	Skin - Not Sun Exposed (Suprapubic)
C0028840	Nerve - Tibial	3.9831242220553147	41	0.8838900180325107	Kidney - Medulla
C0919659	Lung	3.8324799069101076	5	1.364643097798714	Minor Salivary Gland
C0700345	Brain - Spinal cord (cervical c-1)	2.9082843846084563	8	1.2812559927139906	Artery - Tibial
C0006849	Spleen	3.4779100115923822	24	0.9230287565011195	Brain - Nucleus accumbens (basal ganglia)
C0006848	Brain - Hypothalamus	2.072789948919106	8	0.8187740408562021	Pancreas
C0239295	Lung	2.2122273570307835	6	0.8060024719257375	Skin - Not Sun Exposed (Suprapubic)
C0085436	Whole Blood	3.597175704516281	5	2.394789565389178	Cervix - Ectocervix
C0877445	Whole Blood	4.075241956908017	9	2.3196716016918364	Prostate
C0153252	Spleen	4.4432219582760295	34	1.8137921738735359	Skin - Sun Exposed (Lower leg)
C0021400	Lung	4.170654621996533	410	0.9484751813693921	Breast - Mammary Tissue
C0012546	Lung	3.0052799388036346	67	0.632086816462583	Stomach
C0339968	Liver	5.952955524623007	1	5.838061458517204	Brain - Hypothalamus
C0004626	Lung	4.59858886703797	36	2.271205370779323	Brain - Cortex
C1318973	Lung	3.778668782111716	11	0.7501766992833256	Lung
C0023241	Spleen	3.5317695724045937	15	1.1949662190142445	Kidney - Medulla
C1112709	Cells - EBV-transformed lymphocytes	8.75259139008754	1	1.5493344278000993	Brain - Amygdala
C0554628	Lung	6.335442404413444	2	2.7898780182270873	Skin - Not Sun Exposed (Suprapubic)
C0023860	Lung	4.466918729230973	16	1.1674185344943315	Brain - Cerebellar Hemisphere
C0043167	Kidney - Medulla	6.799584565790715	5	1.6107258925043544	Prostate
C0155862	Lung	4.326162640503872	32	1.3957581876763205	Adipose - Subcutaneous
C0039128	Small Intestine - Terminal Ileum	3.901079308800113	19	0.7363535606714096	Prostate
C0001144	Vagina	3.416919979807713	15	1.2982255612967708	Pituitary
C0271429	Lung	3.7553781755387767	7	1.7739863250231958	Pituitary
C0032302	Liver	7.244138226842817	3	3.031995046699402	Liver
C0018081	Lung	4.83110598736511	30	1.443149770250387	Colon - Sigmoid
C0025289	Lung	3.959971995654186	54	1.2123234297566454	Muscle - Skeletal
C0008311	Lung	2.9352635258624873	24	0.8532717372608452	Brain - Hippocampus
C0684256	Lung	4.738092841523736	10	1.1110716065838364	Pituitary
C2242472	Lung	6.599935776719477	4	2.7547251824492323	Fallopian Tube
C0042029	Lung	4.669515067996142	78	1.6992003175322772	Cervix - Endocervix
C0393735	Adipose - Subcutaneous	9.143809198965654	1	8.099249183664032	Esophagus - Gastroesophageal Junction
C0004604	Vagina	5.260226204121957	5	1.6487658430531145	Fallopian Tube
C0009088	Lung	2.452544673232521	18	0.7557233524172886	Adrenal Gland
C0003862	Lung	3.9510542793479657	23	1.106430666169869	Brain - Amygdala
C0392171	Testis	4.425058536107006	9	1.3994191121228718	Brain - Frontal Cortex (BA9)
C0026838	Brain - Cerebellum	4.657166892640251	40	0.8212053528249905	Bladder
C0013390	Vagina	4.044844336871377	9	1.706392693994435	Cervix - Ectocervix
C0033893	Cervix - Endocervix	3.5807236035102963	6	1.5202996189851343	Lung
C0149931	Lung	3.0547781462219703	188	0.5469584836425345	Liver
C2973725	Lung	4.203664675071913	147	1.1268108184971117	Colon - Sigmoid
C0242350	Lung	3.3573711001051905	80	0.6783759968001379	Small Intestine - Terminal Ileum
C0024530	Lung	4.17705833004242	437	0.8812347622094623	Fallopian Tube
C0040558	Spleen	3.3801403811823056	42	1.0586595587559624	Artery - Coronary
C0033975	Nerve - Tibial	3.266995110676915	215	0.5047270561911157	Pancreas
C2733595	Lung	4.868962301105662	2	3.1743201628381357	Heart - Atrial Appendage
C0007947	Cells - EBV-transformed lymphocytes	4.439551488096953	4	1.2971886342377594	Kidney - Medulla
C0596298	Pituitary	5.227148044501494	1	4.078836268257405	Fallopian Tube
C0150045	Nerve - Tibial	4.93653429677897	1	1.7607383331225264	Esophagus - Muscularis
C0020651	Thyroid	3.562878163385888	10	0.917864542181202	Artery - Coronary
C0267055	Esophagus - Mucosa	5.264747543406176	8	1.0932544385435063	Fallopian Tube
C0043515	Lung	3.1111486269331823	11	0.9803168838140728	Pituitary
C0017168	Vagina	3.559667305123828	113	0.6948306901971635	Brain - Nucleus accumbens (basal ganglia)
C0027662	Pituitary	3.9187356930842387	54	0.5099257465067146	Heart - Left Ventricle
C0030920	Lung	3.715112445461187	83	1.0987458388632603	Adipose - Visceral (Omentum)
C0013604	Lung	3.714509543210231	44	0.9350108028253747	Brain - Spinal cord (cervical c-1)
C0270549	Brain - Nucleus accumbens (basal ganglia)	3.5022446942108605	25	0.619177580655569	Cervix - Ectocervix
C1269683	Brain - Cerebellum	3.1541519001578115	434	0.5377419708472706	Whole Blood
C0011581	Nerve - Tibial	3.263169037242467	460	0.48490185747826686	Brain - Cerebellum
C0014347	Nerve - Tibial	5.896935453840992	2	1.7510308828979255	Brain - Hippocampus
C0243001	Cells - EBV-transformed lymphocytes	7.066239911917031	1	6.402783256655207	Cells - EBV-transformed lymphocytes
C0032308	Cells - Cultured fibroblasts	9.170933127655173	3	3.924302854254507	Whole Blood
C0031154	Lung	4.485786785761155	92	1.447774701817412	Small Intestine - Terminal Ileum
C0519030	Vagina	4.726241488781276	6	1.9107412097345557	Adipose - Visceral (Omentum)
C0524688	Liver	8.340019197936819	1	8.021950933682213	Brain - Cortex
C0019693	Lung	4.154514081785681	1712	0.8044081323731875	Skin - Not Sun Exposed (Suprapubic)
C0011860	Lung	3.69816531603195	1612	0.5863024219497053	Artery - Aorta
C0085074	Colon - Sigmoid	3.3508322869037834	3	1.722828542631788	Small Intestine - Terminal Ileum
C0015230	Lung	4.229502569970206	211	0.7967281882795993	Brain - Hypothalamus
C0079773	Lung	3.76737047084242	204	0.918063429864219	Testis
C0024138	Spleen	4.217839733162883	270	1.1908519750988797	Brain - Hypothalamus
C0149922	Spleen	8.091726276252277	1	2.6487270680521915	Cervix - Ectocervix
C0011616	Lung	3.708877262515183	26	1.49055383318899	Liver
C0036508	Cells - EBV-transformed lymphocytes	4.3776883063188	7	1.167136660309878	Bladder
C0011615	Lung	3.6314730190517657	427	1.046249607232515	Fallopian Tube
C0020473	Liver	3.8414032242249956	211	1.1090298642833654	Esophagus - Gastroesophageal Junction
C0473527	Liver	7.967656020898613	5	4.757235936804378	Pituitary
C0016053	Lung	3.4256011830496287	35	0.9404327560039278	Whole Blood
C0032768	Spleen	4.258053749748635	13	1.0716890388462645	Liver
C0040252	Esophagus - Mucosa	1.864742806079982	1	1.8137081391857341	Cells - EBV-transformed lymphocytes
C0040262	Brain - Caudate (basal ganglia)	4.871480674563713	3	1.1356056262379868	Cells - Cultured fibroblasts
C0023443	Spleen	4.2875899162061195	97	1.6299220730772475	Cells - EBV-transformed lymphocytes
C0002962	Lung	3.8683701203242884	52	1.3712013233607707	Prostate
C0009324	Lung	3.8370095257592536	722	1.0099362150088265	Brain - Putamen (basal ganglia)
C0015371	Brain - Substantia nigra	3.0391053313829137	8	0.8108741889093549	Brain - Caudate (basal ganglia)
C0036341	Brain - Cerebellum	3.6335880639508082	1687	0.49520312638477426	Brain - Spinal cord (cervical c-1)
C0020514	Pituitary	4.4627079229649915	20	2.4383365415630927	Adipose - Visceral (Omentum)
C0023343	Lung	3.7814104411603937	157	1.1286151230606318	Artery - Tibial
C0011608	Lung	4.184444363677788	35	1.1994353989457123	Artery - Coronary
C0014544	Brain - Cerebellum	3.655509280494082	525	0.8026659945365222	Pancreas
C0014547	Brain - Cerebellar Hemisphere	3.7339134526893103	40	1.7249103406461264	Nerve - Tibial
C0494475	Brain - Frontal Cortex (BA9)	3.250518365627218	13	0.6934446723747913	Minor Salivary Gland
C0014549	Pituitary	3.5089395106786094	20	0.9058910794706971	Cervix - Endocervix
C0035854	Whole Blood	5.3417292503988785	9	2.524191509297285	Muscle - Skeletal
C0022081	Lung	6.2680800207319125	3	1.4569675299674731	Brain - Anterior cingulate cortex (BA24)
C0022073	Lung	6.605158558119713	7	1.7444440710903475	Stomach
C0042164	Lung	4.257067125368112	110	1.1731590061489579	Esophagus - Gastroesophageal Junction
C0010043	Lung	5.103457201934347	14	3.2912427649175093	Thyroid
C0009766	Lung	3.9537517870267673	19	1.4161686914602982	Brain - Anterior cingulate cortex (BA24)
C0006309	Spleen	4.507264094666056	45	1.3561495509670634	Colon - Transverse
C0036472	Adipose - Visceral (Omentum)	5.444219912601731	25	1.0096097294448594	Minor Salivary Gland
C0024286	Cells - EBV-transformed lymphocytes	6.232290406072549	2	1.2294500329833165	Colon - Transverse
C0035793	Ovary	7.544979883255804	1	2.341906729372365	Cervix - Endocervix
C0034362	Lung	5.00541477693023	25	1.9293320885146965	Brain - Anterior cingulate cortex (BA24)
C0001261	Adipose - Subcutaneous	7.562303489385455	1	2.0179251753797987	Breast - Mammary Tissue
C0041471	Brain - Cerebellum	6.85640025044783	2	1.4527993753673654	Brain - Cortex
C0003175	Lung	5.009484808389238	35	0.9943708539205716	Brain - Nucleus accumbens (basal ganglia)
C0008354	Nerve - Tibial	3.3152867772001833	78	0.7182810643356201	Lung
C0041351	Spleen	6.204300986245106	5	1.4679603079417394	Kidney - Medulla
C0031350	Lung	4.324141163735361	20	1.0343173747677725	Heart - Left Ventricle
C0037199	Lung	3.4410159385102688	40	1.386757522266881	Brain - Substantia nigra
C0040592	Lung	3.9952842342825585	60	1.5948676358615446	Uterus
C0006060	Spleen	3.050738192155236	7	1.8618343247450764	Artery - Coronary
C0340354	Spleen	5.263449911777363	6	1.5977614476121267	Brain - Spinal cord (cervical c-1)
C0035585	Spleen	5.671469455365629	3	2.5481330826762516	Bladder
C0155866	Artery - Aorta	4.2305712258172266	2	1.7906860311823918	Brain - Spinal cord (cervical c-1)
C0004771	Artery - Aorta	9.805872822369874	1	4.346737481625894	Uterus
C0029291	Cells - EBV-transformed lymphocytes	6.417717519560555	1	6.092297414005774	Brain - Substantia nigra
C0035021	Lung	3.2405619478978593	14	0.9392095069824697	Testis
C0008149	Lung	3.9439224875022267	81	1.4220647418430423	Colon - Transverse
C0006846	Spleen	3.834968766266582	15	1.0957020801262831	Minor Salivary Gland
C0042998	Whole Blood	4.673929486537814	1	3.6971694107656923	Cervix - Endocervix
C0040028	Lung	4.283748774256286	128	0.9300924160085762	Brain - Hippocampus
C0153633	Nerve - Tibial	3.8640297139866147	122	0.6256833433137192	Pancreas
C0019829	Lung	3.935822216081259	360	0.8733044963361416	Vagina
C0079744	Spleen	3.9466925923556544	479	0.8698363032347691	Brain - Hippocampus
C0024305	Lung	3.8048168354171574	504	0.8907627027748548	Pituitary
C0555198	Lung	4.194098031697059	369	0.7429715544333151	Brain - Hippocampus
C0025294	Spleen	4.048005466691262	15	1.658182849643996	Muscle - Skeletal
C0028242	Cells - EBV-transformed lymphocytes	9.28197869536483	1	2.208566127756864	Pituitary
C0024535	Lung	4.223194693200323	130	1.2536168052961316	Cervix - Endocervix
C0027051	Lung	3.4581341925873845	1139	0.6794518813671542	Nerve - Tibial
C0948089	Lung	4.129534789421082	272	1.0971885800881416	Brain - Hippocampus
C0040038	Liver	3.953420552435379	99	1.1226478965459625	Artery - Coronary
C0040053	Liver	3.782060040753059	132	1.2909839583744098	Artery - Tibial
C0007780	Adipose - Subcutaneous	6.154648012872996	1	3.8497501810508044	Cervix - Endocervix
C0035258	Brain - Cerebellum	4.004073272115997	33	0.8836337720038352	Stomach
C0032285	Lung	4.43821514747564	351	1.3546568264393142	Bladder
C0276089	Lung	5.619105866617872	3	1.7146900189247543	Cervix - Endocervix
C0149725	Spleen	3.173035819693813	14	1.549491221097448	Muscle - Skeletal
C0024115	Lung	4.510382817061912	318	1.488289747775656	Brain - Cerebellar Hemisphere
C0038218	Lung	3.46189414248449	8	1.7157804621553703	Muscle - Skeletal
C1273489	Skin - Not Sun Exposed (Suprapubic)	5.037869774049135	1	3.028674148377357	Brain - Nucleus accumbens (basal ganglia)
C0034067	Lung	5.027345668889511	160	1.4450668610845638	Prostate
C0006266	Brain - Cerebellar Hemisphere	5.798519415973921	2	3.21554232912734	Heart - Atrial Appendage
C0347950	Artery - Aorta	5.09691933751142	6	1.9899527552797975	Esophagus - Muscularis
C0007115	Lung	4.221757817628866	376	0.7941008557488529	Brain - Caudate (basal ganglia)
C0018022	Thyroid	7.612485220448663	4	2.94705726050102	Colon - Sigmoid
C0027145	Thyroid	3.978590440498405	2	3.7711042874085496	Small Intestine - Terminal Ileum
C0010308	Thyroid	4.424504981345309	38	2.374613998326042	Adipose - Visceral (Omentum)
C0018021	Thyroid	4.575852261663627	75	1.4087347687717942	Ovary
C0020676	Thyroid	3.5803059315438874	186	0.7246393395985375	Colon - Transverse
C0036262	Pancreas	5.8443666217036	2	5.598651340420606	Muscle - Skeletal
C0033774	Skin - Sun Exposed (Lower leg)	2.7055062326196984	55	0.7392582177749181	Liver
C0152030	Cells - EBV-transformed lymphocytes	4.098849618309291	2	0.979581108905144	Cervix - Ectocervix
C0019112	Skin - Sun Exposed (Lower leg)	4.398780953418201	7	2.598765427154073	Brain - Nucleus accumbens (basal ganglia)
C0041976	Ovary	6.240131534694804	4	1.298492088154246	Kidney - Cortex
C0027796	Nerve - Tibial	3.303738833036802	76	0.8094228905684124	Brain - Amygdala
C0033038	Brain - Hypothalamus	3.1309880088729125	5	2.0632992846802685	Heart - Atrial Appendage
C0149911	Prostate	2.63569842210863	13	0.9859000914356062	Artery - Tibial
C0029401	Cells - Cultured fibroblasts	4.317402199373654	34	0.8867530161315753	Liver
C0037383	Whole Blood	4.888879598441825	1	2.975160184329912	Kidney - Cortex
C0042109	Lung	4.431502476456682	76	1.2874289695445396	Artery - Coronary
C0035460	Testis	0.13209193669258706	1	0.12915849158606968	Ovary
C0600142	Liver	3.5760357825663704	23	1.2705938545236997	Cells - EBV-transformed lymphocytes
C0007137	Vagina	3.927021864597232	1665	0.7353731388347233	Pituitary
C0007847	Lung	4.115563802101251	731	0.7335627322556446	Adrenal Gland
C0024301	Spleen	3.942992142945198	346	0.9102844616625618	Brain - Caudate (basal ganglia)
C0080032	Lung	3.7319888750895256	68	0.945059052339071	Colon - Transverse
C0278996	Lung	4.189452037510552	367	0.8262401422340226	Brain - Cerebellar Hemisphere
C1336708	Vagina	3.6023197579078308	78	0.7130535957739275	Brain - Putamen (basal ganglia)
C0153601	Nerve - Tibial	4.599573738779397	22	1.0333032327412126	Liver
C0023434	Spleen	3.922193856489567	1020	0.92588202844646	Brain - Amygdala
C2215257	Liver	4.151085166131075	3	2.213536531665947	Lung
C0011991	Lung	3.3689402503098256	182	0.7574874090129367	Artery - Tibial
C0524909	Lung	3.80495966299961	221	1.03115320002978	Brain - Caudate (basal ganglia)
C0025323	Thyroid	6.023399525873634	1	3.180321703523815	Heart - Atrial Appendage
C0281361	Lung	4.092044003496329	267	0.8628889824711354	Pituitary
C0278498	Lung	4.632941347589703	25	1.1450157777955154	Brain - Caudate (basal ganglia)
C0242379	Lung	3.96210605687674	2113	0.7020227728214885	Brain - Nucleus accumbens (basal ganglia)
C0023473	Lung	4.101633870364689	733	0.8859376658635214	Testis
C0025202	Lung	3.9395589485535485	2100	0.6974988668815327	Whole Blood
C0023449	Lung	3.950640083828748	723	0.7836641029923692	Heart - Atrial Appendage
C0917798	Lung	4.273567966024766	172	0.7749948493446137	Cervix - Endocervix
C0015967	Lung	3.2199361741598356	44	1.0763027142796315	Brain - Spinal cord (cervical c-1)
C0040460	Spleen	6.931671239391475	1	4.290900669532798	Kidney - Cortex
C0007131	Lung	4.0347668326337045	1619	0.7271124907346858	Heart - Atrial Appendage
C1960925	Nerve - Tibial	7.034864975711357	1	2.4329560696276324	Brain - Hypothalamus
C0242429	Cells - EBV-transformed lymphocytes	3.9345455216696408	7	1.57646314419812	Adipose - Visceral (Omentum)
C0276088	Spleen	5.054183307424843	2	1.9187243648271441	Brain - Anterior cingulate cortex (BA24)
C0949083	Cells - EBV-transformed lymphocytes	4.126972053618147	7	0.9789022452463318	Uterus
C0014836	Spleen	3.281932315874853	22	1.0990848866141851	Cells - EBV-transformed lymphocytes
C0152964	Whole Blood	5.851344689092279	3	4.228757700833939	Colon - Transverse
C0242172	Lung	5.2697764026883345	28	1.7553559531671845	Colon - Sigmoid
C0003615	Lung	4.203377873765274	16	1.5418603617830624	Pituitary
C0392618	Whole Blood	4.03980147917906	5	2.6461263714805883	Artery - Aorta
C0744130	Brain - Frontal Cortex (BA9)	5.581730853812433	1	2.2057783187646103	Artery - Coronary
C1263758	Adipose - Subcutaneous	7.562303489385455	1	2.0179251753797987	Brain - Hippocampus
C0338908	Brain - Hypothalamus	2.706916898552726	29	0.6133246765776663	Colon - Transverse
C0345904	Lung	4.1559937777970255	490	0.7058106884608959	Lung
C0039520	Cells - EBV-transformed lymphocytes	10.123254712072017	3	3.7057389223039605	Colon - Transverse
C0006444	Adipose - Visceral (Omentum)	7.786806871014971	4	2.0022078385739563	Cervix - Ectocervix
C0038013	Lung	3.9962394811989967	224	1.1295616029585513	Thyroid
C0013274	Uterus	4.277094606953961	32	1.139248060132093	Brain - Anterior cingulate cortex (BA24)
C0039103	Lung	4.167781570374127	98	1.2044043165632834	Fallopian Tube
C0039503	Cells - EBV-transformed lymphocytes	5.036379851224653	2	1.3474161437649692	Esophagus - Muscularis
C0018099	Kidney - Medulla	2.971263849300171	42	0.715313725380343	Colon - Sigmoid
C0035435	Lung	4.424759978694901	98	1.183330244081974	Prostate
C0024117	Lung	3.8560434412749984	745	0.8881644043608818	Brain - Hippocampus
C0029104	Testis	1.351161962979292	2	1.148385267805049	Uterus
C0005587	Brain - Cerebellar Hemisphere	3.1685217866258544	15	1.125021612328061	Brain - Putamen (basal ganglia)
C0014869	Lung	3.452721391784035	43	1.0522749220904215	Esophagus - Muscularis
C0038358	Lung	3.7384082932065583	101	1.0501342608504078	Esophagus - Mucosa
C0013295	Lung	4.188283303560583	78	1.433526688872043	Skin - Sun Exposed (Lower leg)
C0041318	Lung	3.7152723538676766	22	1.3400668406892469	Cervix - Ectocervix
C0018621	Lung	3.791936165242031	102	1.1982485795734683	Brain - Hypothalamus
C0578870	Pituitary	2.6827937348680893	11	0.6008775239633062	Adipose - Visceral (Omentum)
C0002963	Adipose - Subcutaneous	4.2198556047303635	15	1.8508175835139342	Brain - Substantia nigra
C1739363	Prostate	4.821444834144865	19	1.374679601404786	Skin - Not Sun Exposed (Suprapubic)
C0268490	Liver	6.415350856584536	7	3.4482675010069954	Adipose - Subcutaneous
C0002170	Vagina	3.8997097135337304	16	1.2174193183831248	Stomach
C0476089	Lung	3.9037926779859515	635	0.6947359841902347	Esophagus - Muscularis
C0023467	Lung	4.089136842150684	1480	0.7837784622883066	Brain - Amygdala
C0032797	Liver	7.183457738217697	2	6.570577117348755	Brain - Nucleus accumbens (basal ganglia)
C0026603	Cervix - Ectocervix	6.642051692927977	1	3.786484124968711	Esophagus - Muscularis
C0346993	Pituitary	5.977546363317923	6	2.1276214207003226	Brain - Putamen (basal ganglia)
C0024537	Lung	4.329845390799213	26	1.4565002086906027	Artery - Tibial
C0008513	Whole Blood	4.6471143186461115	9	1.6142342428126075	Liver
C0037299	Lung	4.028077687503698	39	1.3861545667115815	Lung
C0040560	Vagina	4.291704063921238	10	1.0695941194363838	Bladder
C0751434	Liver	5.1621984108181165	16	1.097153947534669	Brain - Hypothalamus
C0005684	Lung	3.869096982740458	1212	0.6675184531729377	Brain - Frontal Cortex (BA9)
C0033246	Nerve - Tibial	4.978702589454058	7	1.60806774850797	Liver
C0026961	Artery - Coronary	4.264197173564965	5	1.064852668359451	Nerve - Tibial
C0020550	Adipose - Subcutaneous	3.4768609549809044	106	0.7449990464302414	Nerve - Tibial
C0018213	Lung	3.848470611252439	295	0.9720970513659628	Thyroid
C0038525	Lung	3.949305067112988	237	0.8107869435626278	Pancreas
C0027430	Lung	3.8735580862140693	181	1.208258295823316	Brain - Putamen (basal ganglia)
C0153685	Cells - EBV-transformed lymphocytes	6.983944152753841	2	2.1943125787647677	Artery - Tibial
C0025874	Cells - Cultured fibroblasts	5.248777693649712	1	2.7955664374110474	Kidney - Cortex
C0232940	Adrenal Gland	3.3858971937112083	7	1.525476968190962	Testis
C0007134	Lung	4.0819286971641615	1157	0.737523927188612	Vagina
C2239176	Lung	3.983975352993081	2594	0.6505534733074483	Brain - Cortex
C0040261	Lung	5.735360910754674	3	1.55638588390359	Brain - Cortex
C0005586	Brain - Cerebellum	3.342370989961886	778	0.5292357750919776	Adrenal Gland
C0021099	Cervix - Endocervix	4.828560374352189	7	1.2662197486481124	Brain - Amygdala
C0341503	Cells - Cultured fibroblasts	6.3320163723379865	3	2.5727908573084477	Esophagus - Muscularis
C0014121	Artery - Coronary	4.667262096570551	22	0.7937139030456426	Esophagus - Muscularis
C0085437	Lung	4.609991760885261	37	1.2848530179299087	Breast - Mammary Tissue
C0013369	Adipose - Visceral (Omentum)	3.6114347684491785	4	2.599472093722821	Brain - Nucleus accumbens (basal ganglia)
C0025295	Lung	5.091587714097411	30	2.2231882053733854	Skin - Not Sun Exposed (Suprapubic)
C0013371	Lung	4.412988920852636	55	0.989207222714783	Cervix - Endocervix
C0030528	Liver	4.804806349398723	4	1.819526780050022	Prostate
C0017205	Lung	4.629151357646456	46	1.4852940924026083	Vagina
C0220756	Lung	3.948341016170921	26	0.6050064200175189	Brain - Putamen (basal ganglia)
C0002994	Lung	5.716843467965347	9	1.967566138712296	Brain - Cerebellar Hemisphere
C0042963	Nerve - Tibial	2.891793380251532	45	0.4375188418095157	Uterus
C0027498	Thyroid	3.0065463474948992	17	0.5053477812583127	Kidney - Medulla
C0162565	Spleen	3.5096704014049953	36	0.8774443575478807	Brain - Hypothalamus
C0012734	Pituitary	6.056993089275357	5	4.163069249558203	Kidney - Cortex
C0027497	Small Intestine - Terminal Ileum	2.5292928119213256	35	0.7812808287668414	Esophagus - Gastroesophageal Junction
C0003962	Adipose - Visceral (Omentum)	3.9636107413899797	9	1.603879428385031	Stomach
C0020428	Adrenal Gland	4.013531710233845	27	1.5494536638767324	Brain - Frontal Cortex (BA9)
C0037036	Brain - Caudate (basal ganglia)	7.613620050641118	1	5.511138771501972	Whole Blood
C0019360	Adrenal Gland	4.088071725052325	23	1.0680336138197943	Thyroid
C1274323	Adrenal Gland	11.79126465521403	1	4.339584120394893	Brain - Caudate (basal ganglia)
C0007102	Lung	4.018423092325631	1478	0.6983209490342523	Brain - Anterior cingulate cortex (BA24)
C0031190	Lung	4.484024727270739	6	1.4012815244462575	Esophagus - Mucosa
C0020542	Lung	4.355676787855918	286	1.039687866867319	Adrenal Gland
C0003868	Liver	3.549828605933999	11	1.6223088538859858	Brain - Nucleus accumbens (basal ganglia)
C0740394	Liver	3.3867802255658317	49	1.1884617960877892	Cervix - Ectocervix
C0456107	Esophagus - Mucosa	5.047406452544038	3	1.7336895073996095	Vagina
C0014179	Cells - EBV-transformed lymphocytes	5.231657762772426	2	2.4626042386379607	Whole Blood
C1140680	Lung	3.941819584268847	1671	0.7072960677154483	Brain - Anterior cingulate cortex (BA24)
C0278488	Lung	4.121910921508267	289	0.8702369749109757	Stomach
C0015397	Lung	3.9733924437052486	115	0.8724754565169266	Artery - Coronary
C0027726	Lung	4.200063722189007	163	1.0864642130543487	Ovary
C0024141	Spleen	3.968312006183931	1147	0.9074677597803262	Skin - Sun Exposed (Lower leg)
C0036202	Lung	4.220279255418609	232	1.2621169928337497	Stomach
C0021390	Lung	3.820606889816012	721	0.9486368897808362	Brain - Cortex
C0036830	Liver	7.922436557982734	4	3.721906204891834	Stomach
C0001627	Adrenal Gland	4.546116809955057	58	1.8292955642325244	Bladder
C0014742	Cells - EBV-transformed lymphocytes	4.512629717955351	13	1.9093101028598412	Esophagus - Mucosa
C0037274	Skin - Sun Exposed (Lower leg)	3.791903832290141	440	0.9525158899966937	Colon - Sigmoid
C0010346	Lung	3.8078750180073504	760	0.8864372546855144	Brain - Putamen (basal ganglia)
C0405580	Adrenal Gland	5.8563929666034795	24	3.0281029267407824	Adipose - Visceral (Omentum)
C0011606	Skin - Sun Exposed (Lower leg)	4.658271954907687	14	2.8080048273668723	Pancreas
C0002875	Liver	3.612894973963274	57	1.2881928962436637	Brain - Spinal cord (cervical c-1)
C0030807	Lung	4.097077430400489	50	1.431128386992841	Liver
C0026948	Spleen	3.7875953404634903	120	1.1395576058506274	Cells - EBV-transformed lymphocytes
C0004364	Spleen	4.005715617460905	714	0.9702178639204324	Breast - Mammary Tissue
C0026769	Lung	3.814948731787832	971	0.8099448965210589	Spleen
C0242459	Pancreas	6.031802207390494	3	3.3951286055525007	Artery - Tibial
C0002880	Spleen	4.841115415903931	17	1.7850354409105758	Nerve - Tibial
C0151467	Adrenal Gland	5.024759087549912	5	3.1458742730153775	Ovary
C0041321	Lung	6.373046495804925	3	3.912483166667353	Breast - Mammary Tissue
C0036271	Whole Blood	12.200046464680463	1	3.2490656875619646	Brain - Hippocampus
C0001403	Pituitary	3.8868996719718645	48	1.0077409438403095	Adipose - Subcutaneous
C0003872	Lung	3.930703471230648	165	1.2375303129738473	Thyroid
C0035439	Lung	5.014856187699626	42	1.3606474398710358	Uterus
C1260899	Cells - EBV-transformed lymphocytes	5.928202756965026	45	1.3730728137026844	Brain - Frontal Cortex (BA9)
C0033860	Lung	3.7159014547813207	604	0.9113856100872635	Adipose - Visceral (Omentum)
C0005138	Lung	3.928615584365457	21	1.6868290650159663	Bladder
C0026857	Lung	3.900950481700958	130	1.2590865552346928	Artery - Aorta
C0040147	Lung	3.932470868223696	90	0.9689158636521644	Skin - Not Sun Exposed (Suprapubic)
C0678222	Lung	3.9421533417754095	3730	0.6349176880869081	Stomach
C0041466	Spleen	4.877579407505803	25	1.4728864808758084	Brain - Anterior cingulate cortex (BA24)
C0029878	Brain - Frontal Cortex (BA9)	5.581730853812433	1	2.2057783187646103	Ovary
C0036117	Lung	3.608379210497874	32	1.1363971680599612	Brain - Caudate (basal ganglia)
C0677607	Lung	3.811954828230191	94	0.9681739361153805	Brain - Substantia nigra
C0474368	Lung	4.403716303516484	2	1.9975383771083361	Heart - Left Ventricle
C0022104	Lung	3.3144630981521193	137	0.8130315796982086	Muscle - Skeletal
C0042345	Lung	3.9058956030485974	68	0.8738175517102427	Spleen
C0003864	Lung	4.138095847145806	492	1.118052816937816	Adrenal Gland
C0155877	Lung	3.576597422199321	184	1.0762902118040771	Brain - Cerebellar Hemisphere
C0155880	Testis	2.024433983497068	17	0.8289743249364683	Brain - Hypothalamus
C2267227	Nerve - Tibial	2.158114366056675	34	0.6102566467139163	Brain - Nucleus accumbens (basal ganglia)
C0520676	Lung	2.9385441152109886	7	0.9815786871273371	Whole Blood
C0001957	Brain - Frontal Cortex (BA9)	2.9370857401845893	18	1.1216325218728724	Pancreas
C0236663	Brain - Frontal Cortex (BA9)	3.1129091075556685	32	0.8871313331445001	Brain - Putamen (basal ganglia)
C0456103	Adipose - Visceral (Omentum)	3.7180744161018207	4	1.8357022363239774	Vagina
C1692886	Lung	3.097192368985638	6	2.1800893121059404	Colon - Transverse
C0033578	Lung	4.072802651493187	1488	0.7197258980018333	Esophagus - Gastroesophageal Junction
C0013395	Lung	3.8314552176485863	46	0.895473981390221	Cervix - Ectocervix
C0018834	Brain - Cerebellar Hemisphere	3.857155929906286	8	1.1569765468454603	Brain - Amygdala
C0221013	Spleen	3.9707922727583584	52	1.0744686784161415	Thyroid
C0221765	Brain - Hypothalamus	2.2575083998522465	33	0.6338946570458288	Adipose - Subcutaneous
C0040517	Lung	2.901971334548961	88	0.58900037871945	Brain - Caudate (basal ganglia)
C0524910	Lung	3.8564683728663556	391	0.9821975127864113	Brain - Cortex
C0038160	Lung	3.876611995374408	25	1.2972032062762513	Brain - Hypothalamus
C0014358	Lung	5.742076295246358	1	4.225474635550059	Brain - Amygdala
C0338437	Lung	4.859706591226703	11	0.9260511840340073	Adipose - Subcutaneous
C0152068	Cells - EBV-transformed lymphocytes	2.923324854644033	3	2.6061034313192155	Lung
C0024299	Spleen	4.017652998018673	1191	0.8084099430963914	Vagina
C0027819	Nerve - Tibial	3.857153728767453	1502	0.5689772663407733	Bladder
C0035335	Nerve - Tibial	3.8590410462292186	413	0.5408649330932995	Brain - Nucleus accumbens (basal ganglia)
C0022972	Cells - EBV-transformed lymphocytes	4.445484650505423	16	1.5265776944214022	Esophagus - Gastroesophageal Junction
C0021355	Brain - Frontal Cortex (BA9)	5.581730853812433	1	2.2057783187646103	Thyroid
C0600041	Liver	5.892546905676683	2	5.065437972760254	Minor Salivary Gland
C0010692	Lung	4.14581336255331	91	0.9802807317340783	Pancreas
C0033581	Prostate	3.9169633785683398	23	1.4263093138434728	Heart - Atrial Appendage
C0035412	Nerve - Tibial	4.046241675681007	331	0.6920562079176031	Cells - EBV-transformed lymphocytes
C0027708	Cervix - Endocervix	3.8757251906247236	291	0.6851577270779692	Brain - Cerebellar Hemisphere
C0006413	Cells - EBV-transformed lymphocytes	3.9728248417395093	176	0.9120114166887183	Small Intestine - Terminal Ileum
C0862889	Brain - Cerebellar Hemisphere	5.17579602896625	1	2.700724290519601	Prostate
C0024623	Lung	3.983575604964966	1661	0.7107135318709488	Adipose - Visceral (Omentum)
C0026896	Spleen	3.8344463380069675	152	1.2397578206795141	Muscle - Skeletal
C0040127	Brain - Frontal Cortex (BA9)	4.442333123329751	1	3.7281653738559997	Artery - Coronary
C0042900	Lung	4.018564460541601	177	0.8881775475192231	Nerve - Tibial
C0011644	Lung	4.713023100978095	157	1.1117508311520372	Skin - Not Sun Exposed (Suprapubic)
C0235063	Ovary	6.875866052206152	1	3.1121657201931647	Brain - Amygdala
C1135868	Lung	4.476971654979307	34	0.7277860111477525	Cervix - Ectocervix
C0585442	Lung	4.272836583199915	629	0.7607107402706439	Bladder
C0040997	Vagina	4.391404206848852	15	1.5311062802314201	Fallopian Tube
C0042571	Fallopian Tube	2.572400650124081	8	0.8126688049459654	Thyroid
C0524702	Liver	5.235028239852347	17	1.9571487530903298	Artery - Coronary
C0149871	Liver	4.269418408024236	100	1.2924281488378564	Cells - Cultured fibroblasts
C0023381	Cells - EBV-transformed lymphocytes	6.317143044304502	1	1.6388637306230551	Vagina
C0153594	Testis	3.7107351117417777	218	1.5299120384180274	Brain - Nucleus accumbens (basal ganglia)
C0036220	Lung	4.157358945874432	139	1.0691631867271032	Brain - Amygdala
C0007194	Heart - Atrial Appendage	4.943950296546834	170	1.3081450571134514	Colon - Transverse
C0018916	Adipose - Visceral (Omentum)	4.808918572611661	68	1.0528558803835786	Esophagus - Gastroesophageal Junction
C0019345	Adrenal Gland	7.108500274242633	2	2.0822117778469496	Liver
C0019342	Spleen	4.882675987319534	9	1.5384136221793145	Brain - Nucleus accumbens (basal ganglia)
C0276653	Lung	3.3245844504171975	25	1.0754357838810877	Uterus
C1142132	Brain - Cerebellum	4.256488823496767	3	0.9146697982350127	Esophagus - Mucosa
C0018802	Lung	3.945543176766664	571	0.6193261753248462	Brain - Hypothalamus
C0409959	Lung	4.034205512662632	89	1.0041909870254253	Uterus
C0038048	Lung	5.535756746705313	8	1.2725806601629701	Testis
C0002453	Pituitary	2.569245326782274	38	0.7325170761391799	Colon - Transverse
C0025218	Colon - Transverse	3.165622882061571	6	1.4492922640191437	Adipose - Visceral (Omentum)
C0008526	Liver	6.275033136132507	4	2.326212905336951	Heart - Left Ventricle
C0003950	Lung	4.549941076682513	4	1.6508665396627817	Esophagus - Muscularis
C0854211	Vagina	4.88407626501893	3	2.646187604643342	Brain - Anterior cingulate cortex (BA24)
C0033845	Nerve - Tibial	4.553111684748835	7	1.152254950662539	Kidney - Medulla
C0029001	Testis	2.9132611570671028	8	1.367346786529454	Skin - Sun Exposed (Lower leg)
C0038463	Cells - EBV-transformed lymphocytes	10.840439629372764	1	3.8782628304417974	Artery - Tibial
C0023472	Nerve - Tibial	5.995043826394498	3	1.2393367004140625	Nerve - Tibial
C0023474	Lung	3.9584758417072927	71	1.0258392367629723	Brain - Amygdala
C0005699	Lung	4.06114166448729	204	0.7326717055297154	Ovary
C0279543	Small Intestine - Terminal Ileum	3.270288408537985	22	0.6839488779133651	Cells - EBV-transformed lymphocytes
C0346421	Spleen	3.6971940098967413	35	0.9016401797987079	Adipose - Subcutaneous
C1960397	Lung	4.1252029411820645	51	0.9507584671040994	Vagina
C0392784	Cervix - Endocervix	4.260333627619279	26	1.0261800389367641	Brain - Anterior cingulate cortex (BA24)
C0206141	Lung	3.388013595221006	27	0.871202034481986	Heart - Left Ventricle
C0238198	Nerve - Tibial	3.971359662349118	288	0.6273917924059189	Brain - Caudate (basal ganglia)
C0039483	Lung	4.080068732384986	125	1.1477323205720937	Thyroid
C0038363	Lung	3.991340146954047	25	1.4941335611193916	Nerve - Tibial
C0022548	Lung	4.925336135560791	153	1.1263218361220715	Prostate
C0017563	Lung	4.333570658318242	77	1.3485650049366904	Cervix - Ectocervix
C0002171	Lung	4.088420306998469	57	1.28031239952508	Colon - Sigmoid
C0023646	Lung	4.2996373711279645	23	1.680823676363186	Kidney - Medulla
C0029077	Cells - EBV-transformed lymphocytes	5.901695479724814	10	3.327060607161767	Pituitary
C0392445	Nerve - Tibial	5.561445286778347	1	4.096355244048414	Skin - Sun Exposed (Lower leg)
C0948896	Testis	3.9512557775823423	10	2.0234501943407386	Adipose - Subcutaneous
C0271623	Pituitary	3.1961170028956	58	1.1290220402418414	Liver
C0010417	Testis	3.3048767408126762	61	1.0071022189500276	Artery - Tibial
C0022735	Pituitary	3.0701040817519507	75	0.8892647503123938	Brain - Hypothalamus
C0034012	Pituitary	2.789188768547436	29	0.9029875926849056	Skin - Not Sun Exposed (Suprapubic)
C0151721	Testis	3.4053794862260154	9	2.422224787907016	Brain - Frontal Cortex (BA9)
C0342527	Artery - Coronary	5.226414896124618	4	2.100986935731333	Prostate
C0020635	Pituitary	4.4181665403266255	30	2.3412359050684928	Colon - Sigmoid
C0022568	Lung	3.6785136606822335	33	1.23401288015884	Brain - Cortex
C0812413	Lung	3.832534053519004	196	0.7825173730286759	Brain - Spinal cord (cervical c-1)
C0040954	Spleen	2.6467549444700347	3	1.1626633980372858	Esophagus - Mucosa
C0568062	Nerve - Tibial	4.430373086205292	14	0.8261427641732748	Pancreas
C0002888	Stomach	4.001670359304713	11	1.1448624395191174	Heart - Left Ventricle
C0008677	Lung	3.4910994596648317	45	1.2958602980504779	Thyroid
C0009806	Small Intestine - Terminal Ileum	3.270218500906521	37	0.6705581307502584	Small Intestine - Terminal Ileum
C0001973	Nerve - Tibial	3.100767350440705	723	0.4707522252162253	Ovary
C0936223	Prostate	4.321643680700353	191	0.9422603089983626	Heart - Left Ventricle
C0034013	Pituitary	3.085173781908713	48	0.7880055513428097	Brain - Hypothalamus
C0002792	Lung	3.790431500069658	12	1.3946695380587428	Cells - EBV-transformed lymphocytes
C0013404	Lung	4.116839135407173	28	1.0938538910110447	Bladder
C0043144	Lung	2.967488759293399	69	0.9590210323079527	Breast - Mammary Tissue
C0041912	Minor Salivary Gland	3.045267664606796	15	0.7092078682084946	Thyroid
C0040425	Cells - Cultured fibroblasts	4.328980363708262	12	0.8826069155700327	Cells - EBV-transformed lymphocytes
C0002395	Nerve - Tibial	3.987120450258456	1408	0.5690281617464343	Bladder
C1134719	Lung	4.382656970586417	184	1.0125413369433018	Liver
C0011881	Lung	3.827007166105979	590	0.7570652777177176	Uterus
C0085631	Testis	2.7822560928185993	15	0.7302095173490608	Small Intestine - Terminal Ileum
C1278797	Spleen	3.9211655489432444	5	3.0098496240259425	Brain - Hippocampus
C0282488	Lung	3.192490941859354	38	0.994149942891287	Cervix - Endocervix
C0085096	Liver	3.6874445172183186	107	1.1824060541543964	Esophagus - Mucosa
C0031511	Lung	3.6030321938500682	223	0.4679240831924454	Brain - Frontal Cortex (BA9)
C0023487	Lung	4.278523108164874	390	0.857900115629413	Brain - Hippocampus
C0023465	Lung	4.684898138055687	67	1.0360335654081396	Brain - Cortex
C0023440	Lung	4.0735630736879305	177	0.847623111584197	Whole Blood
C0017605	Nerve - Tibial	4.2897723687777365	26	0.880143798466734	Ovary
C0149893	Artery - Aorta	6.36483014868057	4	2.7910422256993184	Skin - Sun Exposed (Lower leg)
C0546837	Vagina	3.7144505499040292	517	0.6927110893912478	Skin - Not Sun Exposed (Suprapubic)
C0030201	Lung	3.5360676404270928	38	0.7103718272279562	Uterus
C0020437	Lung	3.133956819106606	72	0.804812019066937	Artery - Tibial
C0013884	Spleen	4.588793936908859	19	1.7221910797403308	Spleen
C0013882	Lung	5.175637121970692	6	2.612790275145844	Artery - Aorta
C0038436	Lung	3.4883773588887625	72	0.6043264572627165	Colon - Sigmoid
C0009663	Cells - EBV-transformed lymphocytes	4.125841813758183	24	1.2456106571616896	Heart - Left Ventricle
C0043037	Cells - EBV-transformed lymphocytes	7.104858734501766	8	1.9274870971547156	Brain - Substantia nigra
C0700359	Uterus	4.742308716906896	6	0.9060977438966105	Brain - Amygdala
C0004352	Brain - Cerebellum	3.264354713717157	635	0.4979083580071011	Brain - Cerebellar Hemisphere
C0041228	Lung	4.629513630393469	27	1.1008301913035168	Skin - Not Sun Exposed (Suprapubic)
C0002736	Nerve - Tibial	3.749256503416269	715	0.5575852901735847	Brain - Putamen (basal ganglia)
C0010674	Lung	4.0654154274035825	382	0.9758054838663175	Brain - Nucleus accumbens (basal ganglia)
C0870082	Skin - Sun Exposed (Lower leg)	5.260213389317836	62	2.230222301805893	Testis
C0036651	Skin - Sun Exposed (Lower leg)	4.148486184419352	11	1.0982834283504075	Brain - Amygdala
C0346976	Vagina	3.734429624448819	26	1.0741964941594744	Testis
C0242855	Heart - Atrial Appendage	2.392352737707833	3	1.7374382124839889	Testis
C0243002	Artery - Tibial	4.9169871472718665	3	1.9133920664937851	Heart - Left Ventricle
C0003492	Heart - Atrial Appendage	3.200550760989802	6	1.8311906532197697	Brain - Anterior cingulate cortex (BA24)
C0039685	Artery - Coronary	3.767567644064801	53	0.9499295888430237	Brain - Anterior cingulate cortex (BA24)
C0014356	Lung	4.354190049742919	19	1.8434401682994914	Brain - Hypothalamus
C0149925	Lung	3.6685845016230765	565	0.6518596482778953	Heart - Atrial Appendage
C0276226	Spleen	3.8842010518828727	21	1.3447179878083113	Brain - Anterior cingulate cortex (BA24)
C0019348	Lung	4.13588927308598	468	0.7336695324326379	Cervix - Endocervix
C0231528	Muscle - Skeletal	4.053253269279341	23	1.1867928587256649	Bladder
C0007820	Lung	3.8175169668038946	66	1.0738807107454753	Esophagus - Muscularis
C0042373	Lung	4.403223934650512	364	1.108584209728229	Adipose - Visceral (Omentum)
C0016436	Cells - EBV-transformed lymphocytes	5.73414246287454	3	2.430438143666261	Muscle - Skeletal
C0016867	Liver	5.438018684869841	5	4.196433663080172	Adrenal Gland
C0035235	Lung	3.768719861259896	279	1.3903344363300616	Brain - Cerebellar Hemisphere
C0002351	Adipose - Subcutaneous	4.023176193435976	19	0.8620321806343765	Brain - Caudate (basal ganglia)
C0039614	Lung	3.3068204229153833	79	0.6489066838641011	Skin - Not Sun Exposed (Suprapubic)
C0036980	Adrenal Gland	5.870729323487159	3	1.6900967801489752	Adrenal Gland
C0085652	Spleen	4.832798222994331	13	2.2475940217034958	Cervix - Ectocervix
C0343467	Lung	3.307954443074874	7	1.4580587421630373	Heart - Atrial Appendage
C1562585	Lung	3.961433193079041	16	1.6838438117325385	Esophagus - Gastroesophageal Junction
C2931187	Lung	5.355810710564246	12	1.8588874859080349	Lung
C0860594	Skin - Sun Exposed (Lower leg)	3.992866073294043	11	1.163259900129153	Prostate
C0334579	Lung	4.871003444062561	123	0.8372053821961254	Cells - Cultured fibroblasts
C0002874	Lung	3.9800065742776636	129	1.1825633545078342	Skin - Not Sun Exposed (Suprapubic)
C0178416	Cervix - Endocervix	6.173620329163226	2	1.5409173785002226	Brain - Putamen (basal ganglia)
C0019202	Lung	3.975549434176844	40	0.6540551395986229	Whole Blood
C0010691	Small Intestine - Terminal Ileum	4.723805486847188	17	0.8211292648796231	Esophagus - Gastroesophageal Junction
C1527336	Spleen	3.9607871954865086	110	1.2984733688371937	Nerve - Tibial
C0038325	Lung	4.4436401395211895	41	1.4673812968720772	Spleen
C0004031	Lung	6.174166293616805	14	2.9244707472429874	Pituitary
C0002390	Spleen	5.054083293262946	28	1.734554369425008	Skin - Sun Exposed (Lower leg)
C0032533	Spleen	3.4303362685346452	33	1.4046443127916448	Esophagus - Mucosa
C0034069	Lung	4.578071601618488	318	1.3639157414957799	Adrenal Gland
C0238217	Spleen	2.9929238858152267	2	2.0642644526940748	Colon - Transverse
C0022876	Lung	3.7521077284443303	202	1.162472232609851	Brain - Caudate (basal ganglia)
C0020625	Brain - Hypothalamus	3.3073281135617663	6	2.425046375433819	Stomach
C0042165	Lung	5.2273967612318755	31	2.0204437280591176	Brain - Cortex
C0349649	Uterus	5.677629783610666	18	1.3643347865607378	Brain - Cortex
C0017574	Spleen	3.329968295817128	42	1.3532046770157204	Brain - Frontal Cortex (BA9)
C0021361	Lung	3.0467521099141583	71	0.8115087804902359	Kidney - Medulla
C0152499	Cells - EBV-transformed lymphocytes	0.8119748582482731	1	0.6711590568767151	Fallopian Tube
C0040921	Lung	4.7718790352624705	8	1.4158681717323716	Uterus
C0085166	Spleen	3.373206563240989	42	1.4219004675875633	Cells - EBV-transformed lymphocytes
C0017536	Cells - EBV-transformed lymphocytes	4.408672925355594	13	0.7609215057134682	Brain - Hypothalamus
C0023885	Cells - EBV-transformed lymphocytes	4.920000575544747	6	1.9961076213882332	Adrenal Gland
C0006105	Lung	4.510773907850303	6	1.831833770118862	Adipose - Subcutaneous
C0524662	Pituitary	2.699137257254643	34	0.8737785837409333	Breast - Mammary Tissue
C0042548	Skin - Not Sun Exposed (Suprapubic)	6.764354117651741	1	1.4076465932621582	Testis
C0475811	Skin - Sun Exposed (Lower leg)	5.890384721751466	4	5.3302444816956935	Esophagus - Mucosa
C0042024	Lung	5.497018071162646	12	1.7592871353591835	Stomach
C0035457	Lung	3.3331131978773607	34	1.0787963937787524	Artery - Tibial
C0021603	Testis	2.8620601854513983	19	0.6270418357119185	Artery - Tibial
C0348898	Lung	2.8317747149878496	2	2.3483627236200504	Skin - Sun Exposed (Lower leg)
C0553580	Nerve - Tibial	4.030110620895248	171	0.7743139294967256	Artery - Tibial
C0342907	Liver	5.768740191540983	2	5.502807612857739	Adrenal Gland
C1704231	Esophagus - Mucosa	5.239588996620574	10	1.5447077865616579	Cells - Cultured fibroblasts
C0276535	Adipose - Visceral (Omentum)	5.539959882637695	3	2.1289956430649766	Testis
C0022577	Lung	3.4975683731618545	10	1.2886987141939823	Minor Salivary Gland
C0206178	Lung	5.570093477663342	16	2.212312100693226	Artery - Tibial
C0002895	Lung	4.309593461042887	204	1.0697710811161563	Skin - Sun Exposed (Lower leg)
C0032064	Lung	4.31370958488085	39	0.9633804753408906	Skin - Sun Exposed (Lower leg)
C0031099	Lung	4.048173319570729	216	1.2261075517070013	Prostate
C0080274	Adipose - Subcutaneous	6.0325967945619885	1	2.6566977169977246	Stomach
C3203356	Liver	9.230330323587769	1	8.835349024519097	Brain - Cortex
C0009186	Thyroid	6.0425192773863845	5	1.1245040828334378	Vagina
C0019655	Cells - EBV-transformed lymphocytes	10.139346375357425	6	3.7492784841803912	Brain - Putamen (basal ganglia)
C0030409	Lung	3.6532661118991494	16	1.122291005183039	Prostate
C0001622	Pituitary	4.377348250892359	22	1.6360572167171274	Heart - Atrial Appendage
C0268108	Cells - EBV-transformed lymphocytes	5.301687190590828	2	3.183179872656193	Pituitary
C1868889	Small Intestine - Terminal Ileum	4.865468520525583	1	4.4700298631125035	Kidney - Cortex
C0497327	Lung	4.052770223650324	362	0.6830049679735875	Kidney - Medulla
C0343532	Cervix - Endocervix	4.5215566896090635	11	0.965250733947626	Kidney - Cortex
C0027927	Spleen	6.6951861304787785	3	2.9042196554162625	Pituitary
C0038395	Lung	4.289279944913681	41	1.3438068103197653	Nerve - Tibial
C0264515	Brain - Frontal Cortex (BA9)	5.581730853812433	1	2.2057783187646103	Brain - Amygdala
C0036285	Ovary	4.580835108150015	6	0.6961369364693435	Skin - Not Sun Exposed (Suprapubic)
C0025293	Whole Blood	7.743871720064162	1	4.878956958410881	Esophagus - Mucosa
C0025306	Liver	3.2414566099451183	13	1.2433439846640228	Brain - Putamen (basal ganglia)
C0017601	Nerve - Tibial	4.099799898833729	176	0.8607003284771477	Esophagus - Gastroesophageal Junction
C0271093	Kidney - Medulla	2.3258843060742658	1	1.9891303727018579	Vagina
C0029106	Liver	9.000411334863188	1	8.414165421921922	Small Intestine - Terminal Ileum
C0036323	Spleen	4.189608466651058	54	1.029591234025311	Skin - Sun Exposed (Lower leg)
C0034186	Lung	4.379013447641705	45	1.2694474282703556	Cervix - Endocervix
C0343378	Lung	5.957351813677859	14	2.001235844939941	Pituitary
C0005697	Liver	4.656125862795276	4	2.949623758878416	Breast - Mammary Tissue
C0004245	Uterus	4.36919854790223	21	0.965030633248769	Minor Salivary Gland
C0018790	Lung	4.168901265259098	129	0.7134697498573122	Kidney - Medulla
C0039621	Brain - Nucleus accumbens (basal ganglia)	4.350405307705977	1	3.198621813628262	Brain - Frontal Cortex (BA9)
C0029396	Artery - Aorta	5.669262608621642	7	1.516548056297638	Brain - Hippocampus
C0037769	Brain - Cerebellar Hemisphere	4.409971235834024	51	1.0577471817432325	Artery - Aorta
C0043352	Minor Salivary Gland	6.32764370510906	9	1.7366309744992048	Brain - Amygdala
C0040247	Spleen	2.3531739059830312	3	1.2176029069133847	Cervix - Ectocervix
C0024198	Lung	4.335147207902618	119	0.830414173279975	Colon - Sigmoid
C0034063	Lung	4.378571705880951	64	1.5710861337869297	Brain - Anterior cingulate cortex (BA24)
C0042510	Lung	3.0684458812893856	31	0.8816652341268938	Cells - EBV-transformed lymphocytes
C0020459	Lung	3.8883799602613602	239	0.807793046616351	Heart - Left Ventricle
C0021670	Pituitary	3.212311018914165	143	0.7168436941635634	Brain - Cortex
C0027773	Pancreas	3.240852983994363	19	0.8172415782005849	Brain - Spinal cord (cervical c-1)
C0270458	Brain - Frontal Cortex (BA9)	3.518130602603916	5	0.7798766706670799	Brain - Substantia nigra
C0028734	Whole Blood	8.264203304131303	1	3.0978803755796953	Esophagus - Gastroesophageal Junction
C0085159	Lung	3.530606838633655	31	0.6493423171107833	Brain - Substantia nigra
C0021775	Lung	3.778581574948067	16	1.2713416405509395	Nerve - Tibial
C0004030	Spleen	3.305439416716153	29	1.309836733023088	Brain - Putamen (basal ganglia)
C0023479	Nerve - Tibial	3.9915400857210335	42	0.8489610880251233	Cervix - Ectocervix
C0235480	Heart - Atrial Appendage	3.4233864064610042	25	1.3528415497596322	Breast - Mammary Tissue
C0028326	Nerve - Tibial	4.734412731422661	53	0.6746502331338835	Brain - Caudate (basal ganglia)
C2936781	Spleen	3.7588200812932078	9	1.6333323353486144	Minor Salivary Gland
C0032290	Lung	3.599399244182172	6	2.071916515121603	Brain - Cortex
C0014013	Cells - EBV-transformed lymphocytes	5.829825635298666	6	1.7253723565641739	Brain - Nucleus accumbens (basal ganglia)
C0151636	Heart - Atrial Appendage	3.765200639765962	4	1.1795861235227707	Pituitary
C0751967	Lung	4.387753363177362	73	1.021051970902442	Uterus
C0006118	Lung	4.011965086824669	615	0.6801578434759734	Lung
C0024591	Muscle - Skeletal	3.702442872647277	34	1.0108494405001047	Testis
C0019151	Brain - Frontal Cortex (BA9)	3.3088929331039516	25	0.8468522927648325	Small Intestine - Terminal Ileum
C0267176	Artery - Aorta	6.8418850856861955	1	4.033459286480991	Colon - Sigmoid
C0376358	Lung	3.9851882208219056	2542	0.6388299747892163	Pancreas
C0596170	Pituitary	6.36528659964848	1	5.2801492997252195	Brain - Putamen (basal ganglia)
C0024449	Cells - Cultured fibroblasts	5.286064571595801	12	1.4735428475813421	Cervix - Endocervix
C0006840	Lung	3.571301132538897	72	0.8991811026759509	Esophagus - Mucosa
C0036337	Brain - Frontal Cortex (BA9)	2.9900369151619204	67	0.5565382409051018	Uterus
C1961099	Lung	4.0008507448843655	298	0.7848356448509755	Skin - Sun Exposed (Lower leg)
C1292758	Thyroid	4.494868420353588	13	1.0529332857734097	Colon - Transverse
C0032897	Pituitary	2.9359439728163417	93	0.6602907179408191	Liver
C0031069	Lung	3.510009478589662	74	1.179860723118403	Brain - Cerebellar Hemisphere
C0016034	Fallopian Tube	4.407357029117254	59	0.8605259721776433	Prostate
C0020502	Lung	2.6446772207842804	42	0.5641429347648708	Esophagus - Muscularis
C0751362	Adipose - Subcutaneous	3.451087361871289	19	0.8940343983472405	Esophagus - Mucosa
C0008350	Small Intestine - Terminal Ileum	3.168121555553509	102	0.950809545565356	Pancreas
C0008312	Lung	3.7990709778451093	235	0.9250297424029457	Kidney - Medulla
C0241961	Thyroid	5.318776884956856	8	1.451796743122335	Artery - Aorta
C0041341	Nerve - Tibial	3.946753190139878	158	0.5596531282029407	Brain - Hypothalamus
C0005283	Lung	3.7617220305884467	121	0.7490131965816476	Brain - Caudate (basal ganglia)
C0730607	Lung	4.098355235677492	17	1.4225725562233418	Nerve - Tibial
C0022573	Pituitary	7.120905958700213	3	4.8370548146338415	Adipose - Visceral (Omentum)
C0032269	Lung	3.606459609938311	48	1.2787529190885945	Brain - Cerebellar Hemisphere
C0220656	Lung	3.6223834113646585	31	1.3409492437938773	Heart - Left Ventricle
C0023827	Nerve - Tibial	4.0353049212268735	104	0.6656188167846073	Minor Salivary Gland
C0023269	Fallopian Tube	4.228046960362375	112	0.8836486071138925	Esophagus - Gastroesophageal Junction
C0023281	Spleen	4.477876025491991	46	1.6299769014959495	Small Intestine - Terminal Ileum
C0019243	Liver	6.407337775257823	16	4.453365673135848	Testis
C0272293	Testis	4.584923367758959	2	2.110245435339841	Brain - Amygdala
C0021141	Brain - Hypothalamus	4.7428217090553115	2	3.7018567789967376	Uterus
C0085413	Lung	4.429139117500586	144	0.937064671443014	Kidney - Cortex
C0035220	Lung	4.823750900572556	50	2.3573895927717374	Kidney - Medulla
C1261473	Lung	3.995692776543005	717	0.7040699965912256	Artery - Tibial
C0025281	Lung	4.514232510889217	21	1.1998602336154351	Kidney - Cortex
C0079774	Spleen	4.146320702811404	107	1.2847127596134218	Nerve - Tibial
C0035243	Lung	3.781131747509451	68	1.2642074196741269	Heart - Atrial Appendage
C0282193	Liver	4.574634217984315	71	0.9677279349505556	Artery - Coronary
C0007117	Skin - Sun Exposed (Lower leg)	3.796252106927196	99	0.9723928883856852	Esophagus - Mucosa
C0343386	Lung	4.936314881923974	17	1.2417646668082054	Thyroid
C0027022	Lung	4.248068569073771	220	0.8906417159336231	Nerve - Tibial
C0026987	Lung	4.37114961409604	93	1.1989797438999847	Brain - Amygdala
C0206525	Cells - EBV-transformed lymphocytes	4.096341500239775	6	1.1367131135902766	Uterus
C0154246	Liver	4.144916844264266	8	1.466283515617492	Uterus
C0184567	Prostate	4.024537820803908	11	1.1926471516760389	Brain - Caudate (basal ganglia)
C0003469	Brain - Cerebellum	3.1946828905461384	307	0.4427262260779341	Prostate
C0019337	Pituitary	2.5715804308620696	63	0.6214317626093548	Cells - Cultured fibroblasts
C0027412	Testis	2.240042794165616	22	0.6581771577682285	Heart - Left Ventricle
C0236736	Brain - Frontal Cortex (BA9)	3.320692896531207	102	0.9911852152353209	Cervix - Endocervix
C0018784	Thyroid	3.3561753099350824	146	0.4758490796848047	Pituitary
C0022658	Lung	3.868880007689848	633	0.8535081991711042	Whole Blood
C1535939	Lung	4.260958437366558	58	0.9601268208794043	Pituitary
C0007273	Lung	3.5527338190707516	159	0.9040516809794821	Thyroid
C0007771	Lung	3.8984485168030787	24	1.2285669128203174	Uterus
C0018799	Lung	3.6469352121465333	310	0.718106293069463	Artery - Coronary
C0004153	Lung	4.116903492668834	1083	0.9213793472275476	Brain - Frontal Cortex (BA9)
C0010823	Lung	4.224330233242532	149	0.9397164949949746	Muscle - Skeletal
C0023418	Lung	4.024363992625903	1644	0.7679220970083454	Heart - Atrial Appendage
C0021296	Liver	9.230330323587769	1	8.835349024519097	Adrenal Gland
C0032962	Lung	3.60020143208003	118	0.775054045271268	Artery - Tibial
C0876994	Adrenal Gland	7.294188794634599	1	4.806394201080002	Esophagus - Mucosa
C0278601	Lung	4.3308543910472865	85	0.953250486550183	Kidney - Cortex
C0151779	Lung	3.7845560346812657	217	0.7233596436155563	Brain - Caudate (basal ganglia)
C0153690	Lung	4.221752215737343	235	0.9075577899307987	Brain - Caudate (basal ganglia)
C0007112	Lung	4.116466940973031	144	0.7865554771512642	Bladder
C0278838	Prostate	4.200812192641366	25	1.5742821189996974	Fallopian Tube
C0027627	Lung	4.03603162201061	2822	0.7166898281499146	Adipose - Subcutaneous
C0220648	Cells - EBV-transformed lymphocytes	7.259094163970054	3	3.4793416010831746	Fallopian Tube
C1510432	Testis	3.884676060785398	1	1.9355452255941101	Colon - Sigmoid
C0032927	Lung	4.022830188067008	413	0.771306010050056	Colon - Sigmoid
C0281479	Liver	6.064750176209568	18	2.7031861500394174	Lung
C0856825	Spleen	4.136608696151628	113	1.5354783943940191	Esophagus - Mucosa
C0085136	Nerve - Tibial	4.1569228614053575	68	0.6986261187243739	Nerve - Tibial
C0206663	Nerve - Tibial	4.299416709943705	114	0.8216212421520956	Pancreas
C0032580	Lung	3.8061112214627237	359	0.6015081230849457	Testis
C0009404	Lung	3.990989810921451	1041	0.7588573604032347	Prostate
C0376545	Lung	3.9054543000479947	444	0.8206714453051704	Esophagus - Gastroesophageal Junction
C0278984	Esophagus - Mucosa	4.038271090691094	3	2.952860224592177	Colon - Transverse
C0278987	Thyroid	3.703091017025027	27	1.1200994014063372	Brain - Cortex
C0001127	Liver	4.178518722019509	3	2.5845867395903372	Heart - Left Ventricle
C0036421	Lung	4.09448014318074	500	1.0616122058773798	Brain - Amygdala
C0003129	Testis	6.8245260261920135	1	4.382098957101701	Thyroid
C0280100	Lung	4.098165256555432	655	0.8574229008188681	Skin - Sun Exposed (Lower leg)
C0278517	Cells - Cultured fibroblasts	4.837761652792748	6	1.6035614520734032	Bladder
C1541333	Esophagus - Muscularis	5.506576554921806	1	2.4837021741183363	Pituitary
C1292772	Lung	5.226881268796412	27	1.0285799856509152	Bladder
C0280451	Vagina	5.250205734086802	10	0.8747710342211628	Muscle - Skeletal
C1328061	Pancreas	5.342919043764586	3	2.965172219151772	Artery - Coronary
C0280449	Lung	4.385757399102645	59	0.9466728211724216	Colon - Transverse
C0280745	Lung	4.5664013180730105	4	1.8776307854721854	Liver
C0279089	Adipose - Subcutaneous	6.867476440258578	1	2.8287716308469353	Nerve - Tibial
C0279607	Ovary	7.180426377555996	1	6.280777309423366	Cells - EBV-transformed lymphocytes
C0338106	Small Intestine - Terminal Ileum	3.7469861565350415	202	0.7158662400462421	Testis
C0149978	Cells - Cultured fibroblasts	3.4133034347806026	29	0.8852533708901538	Pancreas
C0279639	Pancreas	1.8719816045536861	1	1.6601764616058776	Brain - Cerebellum
C0919267	Lung	4.087153612283981	840	0.8031236527424697	Lung
C0278493	Lung	4.998645171342259	26	1.526396945017229	Nerve - Tibial
C0349632	Spleen	4.2657419628738324	40	1.6362380736219668	Brain - Spinal cord (cervical c-1)
C0242647	Spleen	4.271696006716124	169	1.3497944518716674	Nerve - Tibial
C0855139	Spleen	5.2556056355748595	8	1.6207724748872274	Stomach
C0279628	Lung	3.953257451267264	262	0.7651351581843371	Skin - Not Sun Exposed (Suprapubic)
C0278562	Testis	5.4758443762757505	2	2.751989539199973	Pancreas
C0035126	Lung	4.499465668621356	278	1.0469669215762565	Kidney - Medulla
C0085119	Lung	4.787308530709364	11	1.125313841624981	Brain - Hippocampus
C1704272	Lung	3.824803212826186	341	0.7981462284491769	Pituitary
C1332166	Uterus	6.382223304317354	6	1.2733945963074262	Brain - Substantia nigra
C0279633	Nerve - Tibial	7.034864975711357	1	2.4329560696276324	Esophagus - Mucosa
C0279626	Vagina	4.13957763634915	675	0.8460508282916313	Brain - Nucleus accumbens (basal ganglia)
C1292778	Lung	4.338876654536197	121	0.9721847499969933	Brain - Nucleus accumbens (basal ganglia)
C0011334	Lung	3.838527807228805	75	1.0620225826403198	Brain - Anterior cingulate cortex (BA24)
C0235032	Lung	4.302333217326933	38	0.9260640159254412	Uterus
C0278983	Cells - Cultured fibroblasts	5.3633689007524135	2	1.5458903112470894	Brain - Amygdala
C0494165	Lung	3.9833413594420617	378	0.8230467204639158	Artery - Coronary
C0750952	Vagina	3.7716392269274546	88	0.6872018809523786	Thyroid
C1335703	Cells - EBV-transformed lymphocytes	6.15036101777991	4	3.249219565352792	Esophagus - Muscularis
C0278726	Cells - EBV-transformed lymphocytes	6.208464585804561	1	2.521621373988554	Cervix - Ectocervix
C0278727	Esophagus - Muscularis	3.3606087022792077	2	1.564418863811628	Nerve - Tibial
C0278884	Cells - EBV-transformed lymphocytes	3.5563615475905603	6	1.279686399998642	Breast - Mammary Tissue
C0349644	Nerve - Tibial	5.0252596718301525	5	1.2070563642229626	Bladder
C0004610	Lung	4.121756019842662	90	1.1554968929996807	Nerve - Tibial
C0085426	Whole Blood	3.5278090524054924	12	1.6421955666642747	Brain - Caudate (basal ganglia)
C0022661	Lung	3.6602126376619144	572	0.8145374332994888	Esophagus - Muscularis
C0279702	Lung	4.266865386908223	267	0.8244374110613735	Uterus
C0041296	Lung	4.144120943164411	487	1.03266851308714	Thyroid
C0278486	Lung	3.6319621514851743	9	0.8138077816623044	Brain - Substantia nigra
C0034931	Lung	2.6412686047877973	11	0.9627005607906263	Pituitary
C0278787	Testis	3.926121188646129	7	0.9660376594200826	Kidney - Cortex
C0023903	Lung	3.9224288622884136	1110	0.6805277423895988	Colon - Sigmoid
C0023772	Adipose - Subcutaneous	3.539139205041705	11	1.1157352881109945	Brain - Amygdala
C0220650	Lung	4.04291045186993	99	0.911567914476648	Breast - Mammary Tissue
C0206180	Lung	4.198676051677333	232	0.9095995330111615	Liver
C0020981	Spleen	3.784987306544813	50	1.0105759336253004	Whole Blood
C0238461	Thyroid	4.0586974628873635	192	0.826787206544588	Adipose - Subcutaneous
C0278861	Thyroid	12.834305122612209	1	11.843176765807227	Muscle - Skeletal
C0278851	Brain - Cerebellar Hemisphere	4.836939059230528	1	1.396631157814074	Skin - Sun Exposed (Lower leg)
C0278791	Spleen	6.124165881015006	8	1.2620550768129837	Uterus
C0279682	Colon - Transverse	3.6521711156653214	4	1.6184285241722263	Cells - EBV-transformed lymphocytes
C0279681	Cells - EBV-transformed lymphocytes	3.866377538280112	5	1.133615965374731	Bladder
C0279680	Vagina	4.091620988509893	101	0.6797043192496819	Brain - Hippocampus
C0278827	Skin - Not Sun Exposed (Suprapubic)	8.51390915490213	1	4.69086176370745	Skin - Sun Exposed (Lower leg)
C0333875	Vagina	3.7440497070754084	69	0.843738207318887	Spleen
C0038362	Lung	3.311252035420688	16	1.0112102000881382	Kidney - Medulla
C0007120	Lung	4.004091624978426	64	0.7613399627526332	Bladder
C1629504	Cells - EBV-transformed lymphocytes	6.640315950024226	2	2.97920797754738	Bladder
C0018133	Spleen	4.014327090629174	275	1.2341239603006606	Colon - Sigmoid
C0001418	Lung	3.9639750401692493	1604	0.752494240536949	Heart - Atrial Appendage
C0279650	Uterus	4.111715781263145	5	1.0264273847877687	Adipose - Visceral (Omentum)
C0032914	Lung	3.7491249585883293	346	1.0404396392584538	Minor Salivary Gland
C0024419	Spleen	4.387012894448125	74	1.8240726352891619	Esophagus - Muscularis
C1136321	Adipose - Visceral (Omentum)	3.481572407058015	20	1.2330888585314326	Adipose - Subcutaneous
C0877578	Nerve - Tibial	6.242200431081524	1	1.0972454335266146	Artery - Tibial
C0154830	Lung	4.659599201823776	47	1.2323278099758959	Cervix - Endocervix
C0009375	Lung	4.195806434655126	744	0.7987966832693854	Nerve - Tibial
C0034885	Lung	3.9917266413057826	86	0.6918536267087871	Skin - Not Sun Exposed (Suprapubic)
C0031149	Cells - Cultured fibroblasts	4.211115640899564	4	2.249337235787989	Cervix - Ectocervix
C0014132	Cervix - Endocervix	4.3784538859457625	36	0.65154750299997	Brain - Hypothalamus
C1292753	Cells - EBV-transformed lymphocytes	4.408497209962946	104	0.8387478019439261	Vagina
C0220647	Skin - Not Sun Exposed (Suprapubic)	4.428842649914317	11	1.7855780074935081	Cervix - Endocervix
C0014859	Vagina	3.683268648327554	571	0.6858295969863737	Brain - Putamen (basal ganglia)
C1956346	Lung	3.4882238873168845	1049	0.7484441525631684	Cervix - Ectocervix
C0019187	Lung	4.204118218162979	46	1.1705126729208057	Adipose - Subcutaneous
C0850572	Lung	4.121076579297089	54	0.7044181776343184	Brain - Nucleus accumbens (basal ganglia)
C0021368	Lung	3.7816555076408442	657	1.0590103204862649	Esophagus - Gastroesophageal Junction
C0162429	Liver	3.4963766903074065	102	0.863039154376978	Testis
C0010340	Spleen	3.8907376814276073	37	1.2573006197556214	Nerve - Tibial
C0004093	Brain - Cerebellum	4.30584860169154	4	1.059282776719296	Pituitary
C3463824	Lung	4.0226114810651925	169	0.8863046642371657	Esophagus - Muscularis
C0242339	Liver	3.690671683120502	194	0.7571421718754978	Artery - Tibial
C0011884	Lung	4.041229856747835	194	0.9434223715149215	Cells - Cultured fibroblasts
C0040332	Brain - Cerebellum	2.6059086050906672	19	0.7034180879187957	Whole Blood
C0027661	Ovary	5.190828891984319	4	2.038183417280411	Adrenal Gland
C2363741	Spleen	3.2994615440383237	1	2.5098982820797886	Spleen
C0024121	Lung	4.123995233849222	1041	0.8012205584471594	Lung
C0524620	Lung	3.6592236817440233	560	0.6712280993267243	Brain - Hypothalamus
C0036916	Esophagus - Mucosa	3.735660892903434	21	0.7237619552741701	Pituitary
C0007286	Uterus	4.742823203311395	24	1.0799486514705494	Skin - Sun Exposed (Lower leg)
C1522378	Spleen	4.763843777916072	46	1.528982811283229	Adrenal Gland
C0017636	Lung	4.241632043713344	1391	0.6905078733882566	Artery - Tibial
C0206726	Lung	3.882625607286266	55	0.7937174213709812	Liver
C0238013	Spleen	3.8505921683849427	19	1.1302675437884102	Whole Blood
C0242006	Nerve - Tibial	4.632994194664808	7	0.8909280779403224	Adipose - Visceral (Omentum)
C0004114	Nerve - Tibial	4.327005544854928	601	0.6702427424903061	Liver
C0877373	Lung	3.6361858812848116	84	0.57109331665428	Brain - Amygdala
C0024143	Lung	4.148991204123819	188	1.17912933427735	Liver
C0005686	Colon - Sigmoid	4.0553456969636335	12	0.9931062052113622	Kidney - Cortex
C0005695	Lung	4.160136893381102	397	0.7991996135653152	Artery - Coronary
C0042075	Small Intestine - Terminal Ileum	3.373780878793718	9	1.3134364338818427	Lung
C0042076	Small Intestine - Terminal Ileum	4.015636753126053	18	1.0243502124862407	Stomach
C0011849	Lung	3.613914204690461	1340	0.6200124647045238	Small Intestine - Terminal Ileum
C0600427	Brain - Frontal Cortex (BA9)	2.8005500956118055	49	0.7948395327456867	Adipose - Visceral (Omentum)
C0041696	Brain - Cerebellum	3.1873455535469755	349	0.5143163238361486	Brain - Frontal Cortex (BA9)
C0152013	Lung	4.214487499843658	650	0.8015656658061827	Brain - Frontal Cortex (BA9)
C0345958	Vagina	4.471429076686793	16	1.1464902965921948	Cervix - Endocervix
C0278505	Cells - EBV-transformed lymphocytes	6.831071228668172	5	1.5924050389589048	Brain - Amygdala
C0600518	Adipose - Visceral (Omentum)	4.908387666336992	45	1.5188003223007933	Small Intestine - Terminal Ileum
C0278883	Lung	4.313784525442903	279	0.8673112435600809	Pancreas
C0085298	Heart - Atrial Appendage	3.2688567777581907	92	0.66612721283692	Prostate
C0007282	Lung	3.8176576862131064	115	0.9602683765130053	Brain - Cerebellar Hemisphere
C0079731	Spleen	4.171829887648652	563	0.8885479896866739	Adipose - Subcutaneous
C0220624	Artery - Aorta	5.9228903947773945	5	1.1099072943760584	Testis
C0280793	Testis	3.7261505666462154	15	0.6644918755434874	Brain - Hypothalamus
C0280141	Lung	4.342904266917911	57	1.1212873961587522	Liver
C0023480	Lung	4.122666551375891	112	0.7714241906488355	Testis
C0023461	Lung	3.259921577597448	14	0.8208905040089944	Adipose - Visceral (Omentum)
C0001815	Lung	4.3793032525130835	161	1.0194634472601223	Adipose - Subcutaneous
C0023486	Spleen	4.281737055305181	33	1.1034379240714065	Adipose - Subcutaneous
C0278785	Cervix - Endocervix	5.758237326528352	2	2.1778146653412147	Brain - Anterior cingulate cortex (BA24)
C0278769	Cells - EBV-transformed lymphocytes	2.7087302141353833	1	2.192489128602076	Adrenal Gland
C1955861	Lung	4.538386052783366	11	1.0968248031391479	Skin - Not Sun Exposed (Suprapubic)
C1696708	Adipose - Subcutaneous	3.611455873456275	8	1.0802539573910068	Heart - Left Ventricle
C0362046	Lung	3.358256860562021	65	0.5190438335745502	Vagina
C0878773	Bladder	3.267165236527519	8	1.1471405624926465	Prostate
C1561643	Lung	4.035002935574887	226	0.9484458791796704	Vagina
C0035222	Lung	4.724879021497396	130	1.7698506168315329	Brain - Cortex
C1328479	Pituitary	5.357429668264028	6	2.1669476407967334	Brain - Hypothalamus
C0235974	Lung	4.018382576038581	1394	0.7463455552192761	Skin - Sun Exposed (Lower leg)
C0751690	Nerve - Tibial	4.188620013782266	139	0.8243368441236241	Brain - Frontal Cortex (BA9)
C0015558	Cells - EBV-transformed lymphocytes	3.992551880848602	2	3.0574285386464366	Artery - Aorta
C0021359	Liver	3.3920302055851153	30	1.0842068518506371	Lung
C0278519	Lung	4.053382369414906	24	0.7445371474634648	Prostate
C0037278	Skin - Sun Exposed (Lower leg)	4.8634213356579465	15	1.1019144339436084	Vagina
C0149778	Lung	5.3614431404176335	8	0.9669741835394987	Thyroid
C1861172	Liver	4.121641151254424	109	1.8316421300963337	Bladder
C1720830	Whole Blood	8.73016907182422	3	4.313505845149995	Pancreas
C0030809	Lung	4.170329570218952	64	1.0621327656168766	Skin - Sun Exposed (Lower leg)
C0004623	Lung	4.0394979817377745	203	1.2533287435489897	Minor Salivary Gland
C0269084	Vagina	2.589663291093738	7	1.4464815162738645	Skin - Not Sun Exposed (Suprapubic)
C0014852	Vagina	3.8555451453490863	6	1.4645966207093606	Skin - Sun Exposed (Lower leg)
C0038580	Brain - Nucleus accumbens (basal ganglia)	2.6234907328522428	68	0.5979771357276595	Cervix - Endocervix
C0010073	Lung	3.5534421048582074	21	1.0623745989687596	Adrenal Gland
C0730345	Lung	3.7600307214702586	65	0.8041596737884555	Cervix - Endocervix
C0010034	Lung	4.033817162706069	36	0.9634678915774546	Brain - Cerebellar Hemisphere
C1333990	Lung	3.7520737580902366	115	0.6552235275841793	Bladder
C1533217	Brain - Nucleus accumbens (basal ganglia)	2.776437563376256	16	0.7546684235481642	Bladder
C0007097	Lung	4.0539436238618825	2417	0.7265745279610494	Minor Salivary Gland
C0023470	Lung	4.214158502972988	477	0.8496822951342118	Esophagus - Gastroesophageal Junction
C0023051	Cells - Cultured fibroblasts	7.665357237644004	1	3.046493376858127	Esophagus - Muscularis
C0876926	Brain - Substantia nigra	7.93302528978764	2	4.021578032221232	Ovary
C0279084	Spleen	6.5898613544214975	2	2.6639444809438384	Esophagus - Muscularis
C0030283	Esophagus - Mucosa	4.531308766544715	6	1.3710117515422464	Kidney - Medulla
C0520909	Liver	3.254557154056234	5	1.1170411064877173	Artery - Coronary
C0023176	Adrenal Gland	5.440502525983251	6	1.3444461916262815	Skin - Sun Exposed (Lower leg)
C1514428	Cells - Cultured fibroblasts	4.603955297435306	13	1.2029862853786324	Cervix - Endocervix
C0030297	Lung	4.099455186486662	760	0.7890279980119947	Brain - Anterior cingulate cortex (BA24)
C1257930	Vagina	4.1350550385783995	44	0.9173048523353611	Prostate
C1701940	Spleen	4.540427005527293	11	1.743891260677359	Nerve - Tibial
C0018798	Lung	3.925736355060674	217	0.6901135919575041	Adrenal Gland
C0042344	Lung	4.679429920822045	43	1.156906845171867	Brain - Cerebellar Hemisphere
C0151526	Lung	3.83291936990335	289	1.0998683935534332	Adipose - Subcutaneous
C0033117	Lung	4.48777981077718	15	1.1041167077032656	Brain - Hippocampus
C0023532	Nerve - Tibial	4.275944475615607	42	0.5928366042528528	Artery - Tibial
C0206704	Lung	3.8390546676807267	62	0.8572932852336095	Muscle - Skeletal
C0006271	Lung	3.5820250439574717	45	1.514470637410355	Esophagus - Mucosa
C0206307	Liver	4.973691786000674	3	2.6790909408925123	Vagina
C0079772	Spleen	3.9340071459882084	270	0.8322211044169152	Ovary
C0011882	Nerve - Tibial	3.773485025684232	81	0.8626083020362949	Kidney - Cortex
C0012813	Lung	4.371105805048766	13	1.970002907550609	Esophagus - Gastroesophageal Junction
C1960048	Spleen	6.22268459733858	2	2.639503078710588	Adrenal Gland
C0872084	Testis	4.626271923784451	5	1.6979498900960825	Artery - Aorta
C0747820	Whole Blood	4.848207284242079	1	3.4429848995106296	Kidney - Cortex
C0085786	Lung	4.285730486042128	41	1.8387644589344387	Adipose - Subcutaneous
C0280803	Spleen	4.03055882872995	30	1.0436310337130674	Adrenal Gland
C0023493	Lung	4.0923511784940825	417	0.8864011592884502	Brain - Cerebellum
C0020619	Testis	3.1672108102655026	57	1.3363910338400824	Spleen
C0206708	Lung	3.9997365098737783	184	0.9032745844727601	Cervix - Endocervix
C0009402	Lung	3.9090768499634008	2042	0.6723133430814707	Muscle - Skeletal
C0023524	Lung	4.056230549979998	91	0.6650772461045906	Cells - EBV-transformed lymphocytes
C0019163	Lung	4.1852240220697245	654	0.8301408758993811	Brain - Caudate (basal ganglia)
C0343401	Lung	3.8989082006642746	83	0.623875159442441	Breast - Mammary Tissue
C0021051	Lung	4.002368368537819	378	0.9563641012112414	Artery - Coronary
C0085082	Cells - EBV-transformed lymphocytes	2.5402427492566573	5	1.693523958625006	Pancreas
C0220654	Skin - Not Sun Exposed (Suprapubic)	4.6039365497602605	9	1.4351581716186144	Brain - Caudate (basal ganglia)
C0008495	Lung	3.7473973731958687	194	1.1916408686790287	Breast - Mammary Tissue
C0856169	Lung	4.2503523550934	177	1.1251243208837716	Vagina
C0037929	Lung	4.227564894632124	132	0.9583430997136264	Heart - Atrial Appendage
C0020450	Liver	3.748299587965264	2	3.1536645739387175	Cervix - Endocervix
C0853193	Nerve - Tibial	3.0023627798436054	60	0.46439457222862446	Esophagus - Muscularis
C0677886	Lung	3.8516743602335426	960	0.7091254428547229	Pituitary
C0001723	Lung	3.4309244710369944	10	1.0604691054420976	Brain - Frontal Cortex (BA9)
C0024314	Spleen	4.384291730825512	206	1.5813210844828007	Kidney - Medulla
C0007682	Lung	3.780697136589052	100	0.7558036048840271	Spleen
C0006111	Nerve - Tibial	3.260027781793468	168	0.5134309709549165	Fallopian Tube
C0206638	Lung	4.620092762256004	63	1.0919212127719207	Cervix - Endocervix
C0004903	Pituitary	3.4893479778224274	59	0.5869865484032117	Brain - Amygdala
C0332890	Brain - Cerebellar Hemisphere	6.195125000687954	2	2.9815543549373076	Brain - Frontal Cortex (BA9)
C0011206	Lung	4.102885870987587	30	1.030572020140914	Uterus
C0948380	Lung	3.8127179935704665	149	0.8050243785739681	Esophagus - Muscularis
C0005911	Testis	2.677359406145876	59	0.6385752176260637	Brain - Nucleus accumbens (basal ganglia)
C0206754	Thyroid	3.161015431612014	218	0.4632260368746377	Cells - EBV-transformed lymphocytes
C0001624	Adrenal Gland	3.6788293971028283	91	1.0637123056603035	Heart - Atrial Appendage
C0349604	Cervix - Endocervix	6.226327523736426	6	1.2915112305993945	Esophagus - Muscularis
C0015674	Lung	2.488304450741517	46	0.7440406846459382	Minor Salivary Gland
C0022665	Nerve - Tibial	3.9932045378605583	277	0.6406238314697452	Brain - Frontal Cortex (BA9)
C0861876	Cells - EBV-transformed lymphocytes	5.135755070997526	2	1.7581796865869386	Liver
C0027660	Thyroid	3.4268443879638357	13	1.259405755729596	Cervix - Ectocervix
C0265965	Cells - EBV-transformed lymphocytes	3.9572020699985595	41	0.579477046806566	Thyroid
C2062908	Liver	11.023429341127203	2	8.334262483851905	Brain - Anterior cingulate cortex (BA24)
C0751340	Cells - EBV-transformed lymphocytes	9.173484364083118	3	4.5048328888940805	Brain - Anterior cingulate cortex (BA24)
C0079218	Uterus	4.41178709176662	58	1.0317314228148873	Cervix - Endocervix
C0016048	Cells - Cultured fibroblasts	5.027357339908422	10	1.7369580691800528	Esophagus - Gastroesophageal Junction
C1565489	Lung	3.1482864256218086	92	0.7903359734622359	Minor Salivary Gland
C0029928	Lung	3.473205341292882	243	0.6773441380294027	Cells - Cultured fibroblasts
C1328504	Fallopian Tube	3.8832261000911727	79	0.6793008676362282	Testis
C0278582	Skin - Sun Exposed (Lower leg)	6.542561543524882	2	2.401640731531618	Colon - Sigmoid
C0278577	Skin - Not Sun Exposed (Suprapubic)	7.8760380151073415	1	3.281039602936822	Bladder
C1456624	Nerve - Tibial	3.0380915056074675	16	0.6604756382785895	Bladder
C0032310	Liver	5.439609613286501	7	2.938377169586721	Vagina
C0022680	Lung	3.8298969786306567	104	0.7792408232007064	Brain - Amygdala
C0003811	Heart - Atrial Appendage	3.38644025319656	62	0.9002590217843078	Uterus
C0033953	Brain - Cerebellum	3.765853112139893	10	2.2140024038198307	Brain - Hypothalamus
C2921627	Skin - Not Sun Exposed (Suprapubic)	4.284281651292134	12	1.0331765742771237	Artery - Tibial
C0867389	Spleen	3.6171809323198993	76	1.4075179844099637	Brain - Nucleus accumbens (basal ganglia)
C1168198	Cells - EBV-transformed lymphocytes	4.487353453073058	20	1.7618143674703441	Kidney - Cortex
C0007860	Pituitary	3.3233857956035124	2	2.0124410326703317	Cervix - Ectocervix
C1145670	Lung	4.000224913980088	50	1.0276970523646414	Pituitary
C0010054	Lung	3.9487900896430896	661	0.9128548063591864	Heart - Left Ventricle
C0685938	Lung	3.9081992002587884	206	0.8282621187573738	Cells - Cultured fibroblasts
C0862312	Uterus	6.790772037862	1	5.644826395443372	Kidney - Medulla
C0334513	Adipose - Visceral (Omentum)	6.06271459213931	2	4.05029938302009	Vagina
C0175694	Adrenal Gland	4.592188592594278	14	1.0539635439603021	Cells - EBV-transformed lymphocytes
C0282102	Artery - Aorta	6.276659207279204	5	1.5378477004445017	Brain - Anterior cingulate cortex (BA24)
C0850666	Lung	4.008038836032005	259	0.9977438875970761	Cells - EBV-transformed lymphocytes
C0152020	Lung	2.958718833202993	16	0.7630039306961418	Skin - Sun Exposed (Lower leg)
C0238033	Vagina	3.3703044504280677	50	0.8219459064701038	Brain - Cerebellum
C0854196	Cells - Cultured fibroblasts	5.800333562916881	2	1.9925418731758477	Uterus
C1960870	Small Intestine - Terminal Ileum	4.9283025514842915	8	1.5638719853645235	Heart - Atrial Appendage
C0278878	Nerve - Tibial	5.808736297967788	5	1.0769170583536205	Heart - Left Ventricle
C0281508	Uterus	5.6259893579337	11	1.5695237881579729	Brain - Putamen (basal ganglia)
C0019196	Lung	3.89084416122751	605	0.8901081638337507	Testis
C0038868	Brain - Cerebellar Hemisphere	3.7777702173767973	56	0.6358244895516423	Adipose - Visceral (Omentum)
C2937358	Lung	4.0935337775862015	223	0.6849127760902585	Brain - Nucleus accumbens (basal ganglia)
C0242596	Lung	3.6708936051997636	169	0.7899993572136039	Cells - EBV-transformed lymphocytes
C0023452	Lung	3.9327460841224564	332	0.782530740514602	Colon - Sigmoid
C0339573	Nerve - Tibial	4.0982820160912405	141	0.8273262284932228	Colon - Sigmoid
C0677866	Cells - EBV-transformed lymphocytes	4.811952766217846	2	1.5098066713916936	Brain - Amygdala
C0153676	Lung	4.230101811301658	484	0.9319465286891115	Brain - Cortex
C0014474	Nerve - Tibial	3.7978539751186666	108	0.6027448647142908	Artery - Tibial
C0393819	Spleen	3.7303539716659184	44	1.2039105772716492	Fallopian Tube
C0007114	Lung	4.093689301630283	193	0.799169911355627	Brain - Spinal cord (cervical c-1)
C0036983	Lung	4.641469310100776	57	1.4339664171127544	Fallopian Tube
C0034561	Cells - EBV-transformed lymphocytes	4.852894138080349	7	1.114104156025578	Heart - Atrial Appendage
C1321872	Lung	2.901892194738395	12	1.0248945906480253	Minor Salivary Gland
C1510472	Pituitary	2.57862563745134	57	0.6578600428383066	Esophagus - Muscularis
C0342879	Liver	4.513922201569377	5	3.056890933600722	Kidney - Medulla
C1167725	Esophagus - Mucosa	5.806369735090006	2	2.833278463307024	Heart - Atrial Appendage
C0221002	Thyroid	3.5028298596633034	51	0.6253260826848281	Liver
C0023890	Lung	3.924230565187028	624	0.937526243147794	Kidney - Cortex
C1377665	Cells - EBV-transformed lymphocytes	7.102049182199452	1	1.6006537673721617	Brain - Putamen (basal ganglia)
C0549393	Testis	3.012265096712675	12	0.8161603489128653	Brain - Frontal Cortex (BA9)
C0278506	Cells - Cultured fibroblasts	5.162528299716713	7	1.2486575663429509	Pituitary
C0751830	Brain - Cerebellar Hemisphere	7.2655174959364714	3	2.11048009583972	Brain - Spinal cord (cervical c-1)
C1290884	Lung	3.951603733497272	147	1.0787143957310739	Esophagus - Muscularis
C0027609	Adrenal Gland	4.504586683862615	3	1.930884132777468	Brain - Cerebellar Hemisphere
C0018939	Lung	4.450587463044319	129	0.9462003798384124	Cervix - Ectocervix
C0006272	Lung	3.630558023999091	57	1.6913715889524423	Esophagus - Mucosa
C3241937	Lung	4.084045287502135	135	0.9274805539819395	Kidney - Cortex
C0270611	Lung	3.952243829747405	212	0.8216697133577062	Esophagus - Mucosa
C1319315	Small Intestine - Terminal Ileum	4.013346899124117	145	0.6982260344198448	Brain - Substantia nigra
C0206728	Nerve - Tibial	4.352896672303507	21	1.1884498616533303	Uterus
C0599750	Pituitary	4.675610520263937	13	3.504688356701206	Esophagus - Gastroesophageal Junction
C0012359	Lung	5.289564707369223	16	2.190238244466602	Prostate
C1333984	Spleen	3.719118948882756	4	1.7778257269898823	Nerve - Tibial
C1135361	Lung	7.315899854092799	6	4.1446635484276975	Fallopian Tube
C2347126	Brain - Cerebellar Hemisphere	5.682062215971839	3	2.6834863596064666	Spleen
C0556385	Testis	1.8210774943252626	1	1.7327194321793273	Bladder
C0085633	Small Intestine - Terminal Ileum	3.9048250586812543	10	0.9952767410359087	Testis
C0206733	Adipose - Visceral (Omentum)	5.400297765242116	21	1.611475115905887	Skin - Sun Exposed (Lower leg)
C0024137	Lung	4.381611149943079	23	1.1134767399323091	Esophagus - Gastroesophageal Junction
C2931822	Lung	4.315518389325412	543	0.8827184986428502	Nerve - Tibial
C0742558	Artery - Aorta	7.188005221196662	1	1.9213732591497017	Esophagus - Mucosa
C0341106	Lung	2.8607976196888667	30	0.8491727225464416	Brain - Hippocampus
C0011168	Nerve - Tibial	4.773747903240068	22	0.6810370737014679	Prostate
C0349217	Ovary	2.851742813065672	9	1.1400167181365657	Brain - Frontal Cortex (BA9)
C0279661	Testis	2.731624065299739	6	0.965962957882931	Brain - Nucleus accumbens (basal ganglia)
C0037011	Esophagus - Mucosa	4.15599246516203	6	2.337138145233892	Esophagus - Mucosa
C0729264	Cells - Cultured fibroblasts	4.969694524401456	3	3.106872784403102	Skin - Sun Exposed (Lower leg)
C0018681	Lung	3.0144574658207333	49	0.6866019759633537	Breast - Mammary Tissue
C0235952	Lung	5.742076295246358	1	4.225474635550059	Colon - Transverse
C0236792	Lung	3.1249084235227467	11	1.002864383938793	Adrenal Gland
C0600139	Lung	3.9805393461699152	2386	0.6578823291532259	Bladder
C0751530	Liver	5.689403563715857	6	3.0602805118055043	Artery - Aorta
C1370419	Ovary	4.729892568225975	18	1.1541187713109236	Artery - Aorta
C0011854	Lung	3.7122898787122405	949	0.8001291559494526	Small Intestine - Terminal Ileum
C0349231	Pituitary	3.2984971702266113	14	1.0366736031432051	Skin - Sun Exposed (Lower leg)
C0001956	Brain - Frontal Cortex (BA9)	2.2741847752702875	36	0.505968906895121	Skin - Not Sun Exposed (Suprapubic)
C0272285	Lung	3.7810708826287076	12	1.2433319144457928	Artery - Aorta
C0524528	Brain - Cerebellar Hemisphere	4.154793501028892	23	1.3041510018768716	Artery - Coronary
C0035309	Lung	3.374530884370388	317	0.6132517990202895	Brain - Hypothalamus
C0155305	Lung	4.167585501607867	11	0.7817852238216649	Fallopian Tube
C0751711	Thyroid	5.0304295294944	2	2.122661799409999	Brain - Spinal cord (cervical c-1)
C0000814	Lung	4.710697737112201	19	1.0683968098288696	Colon - Transverse
C1135191	Heart - Atrial Appendage	4.301165677983684	10	1.7225382976705728	Brain - Caudate (basal ganglia)
C0032460	Lung	3.4035260404446905	395	0.6258653383405299	Nerve - Tibial
C1332153	Nerve - Tibial	4.652548227394387	27	0.831497145349863	Brain - Nucleus accumbens (basal ganglia)
C0432487	Spleen	4.902419823606402	21	1.4317401929419207	Artery - Aorta
C0520679	Lung	3.4398450266709033	141	0.7791530734298764	Ovary
C0038506	Brain - Nucleus accumbens (basal ganglia)	3.1027043107241723	7	0.9047111499210567	Stomach
C0006287	Lung	3.993147597363101	176	1.1948144969399817	Adipose - Subcutaneous
C0238462	Lung	3.8413813663914946	174	0.6157928575814893	Cervix - Ectocervix
C0687132	Pituitary	3.179303850614323	29	0.8026898532248214	Skin - Not Sun Exposed (Suprapubic)
C1609538	Lung	4.193540791706175	16	1.2444611338803075	Muscle - Skeletal
C0948780	Lung	2.6972725436582192	12	1.494270836659791	Small Intestine - Terminal Ileum
C0019621	Lung	3.898109928072705	58	0.9790102388709312	Cells - EBV-transformed lymphocytes
C0085278	Lung	3.9294176716511644	58	1.2406196067169346	Breast - Mammary Tissue
C0265110	Spleen	5.3197906191173	14	1.711724441940568	Muscle - Skeletal
C1262481	Testis	1.7985433385117315	2	1.6561505565672663	Brain - Anterior cingulate cortex (BA24)
C0040136	Thyroid	4.285113539449406	426	0.8220817135550482	Brain - Cortex
C0278722	Whole Blood	6.232109363642034	2	1.8705250868559542	Heart - Left Ventricle
C0278882	Skin - Sun Exposed (Lower leg)	3.4584364967343437	6	0.6192973889016753	Lung
C0220603	Skin - Sun Exposed (Lower leg)	3.914049115609093	26	0.8576103665834656	Bladder
C0277554	Lung	4.440230769498945	49	1.0412610917722818	Esophagus - Gastroesophageal Junction
C0206695	Nerve - Tibial	3.416666485342128	47	0.7937440736972388	Brain - Substantia nigra
C0221406	Pituitary	4.036336655568985	24	0.8181798474824973	Esophagus - Gastroesophageal Junction
C0005779	Lung	3.4635864589835026	114	0.9321693481163353	Uterus
C0349579	Uterus	4.894525066750082	13	1.2164721485373566	Artery - Coronary
C1153706	Lung	3.932531417179065	96	0.7878418277290153	Whole Blood
C0278802	Thyroid	4.260802808767428	10	1.0987513669067654	Cervix - Endocervix
C0205824	Adipose - Subcutaneous	4.903676015967447	20	1.1710180055211352	Pancreas
C0012715	Liver	6.470617937226291	11	3.1013306609170406	Cells - EBV-transformed lymphocytes
C0393911	Liver	4.98222422566567	5	1.3894958617740314	Brain - Nucleus accumbens (basal ganglia)
C0342687	Liver	4.6187907215091375	1	3.8451614842628876	Pancreas
C0023283	Lung	4.190270418180535	44	1.3725067615727844	Minor Salivary Gland
C0751956	Lung	3.5046031125957287	40	0.776079376602016	Brain - Amygdala
C0017160	Lung	4.04984088549563	27	1.158261665237513	Muscle - Skeletal
C0854750	Colon - Transverse	3.6851193515746417	7	2.0860523816669803	Ovary
C0553723	Vagina	4.124456147712681	104	1.0153649072746807	Breast - Mammary Tissue
C0878544	Lung	4.009079778865212	422	0.5801121393941884	Testis
C0947751	Lung	4.450317168139127	105	1.1778481828120722	Kidney - Medulla
C1536220	Liver	4.147443070725509	7	1.7709163617708836	Brain - Spinal cord (cervical c-1)
C0278689	Colon - Transverse	3.0346894555621775	20	0.6718273752261021	Adipose - Subcutaneous
C0279663	Thyroid	7.68842076537976	2	2.016352067456716	Lung
C0235782	Lung	3.905153848886866	139	0.719954849153873	Brain - Cerebellum
C0334359	Cells - Cultured fibroblasts	3.6237936185048873	16	0.9079327313842387	Ovary
C1335177	Testis	3.8603089271240276	41	1.05084657509245	Esophagus - Mucosa
C1266050	Thyroid	4.834823486941382	20	1.7537078922685856	Colon - Sigmoid
C1335302	Lung	4.130376855921755	425	0.853039936959457	Brain - Anterior cingulate cortex (BA24)
C0149654	Brain - Frontal Cortex (BA9)	3.3199218524446668	43	0.5392587285470736	Muscle - Skeletal
C0400966	Liver	3.703561565423484	249	0.8002502862777461	Brain - Anterior cingulate cortex (BA24)
C0020074	Nerve - Tibial	2.875086424577476	5	1.2099143670052137	Cells - EBV-transformed lymphocytes
C0861727	Cells - Cultured fibroblasts	4.795213272480664	4	2.359397373456075	Skin - Sun Exposed (Lower leg)
